Skill_Match_Percent,Preferred_Skill_Match_Percent,Experience_Score,Project_Match_Percent,Education_Score,ATS_Score,Experience_Years,Job_Role,Interview_Prediction,Interview_Probability_Percent
72.7,78.2,77.6,76.3,76.2,84.9,8.3,Database Administrator,Likely,92.6
97.8,100,17.9,100,93.7,87.7,3.2,DevOps Engineer,Likely,96.1
88.3,90.1,52.7,87.3,96.4,83.9,4.6,Machine Learning Engineer,Likely,95.3
52.6,65.1,65.9,81.9,72.5,80.6,6.5,Cloud Engineer,Likely,65.8
61.9,64.4,67.7,74.7,69.3,69.1,6.8,Python Developer,Likely,57.1
74.3,82.8,69.1,73.6,51.2,72.5,6.4,Python Developer,Likely,90
55.9,41.1,87.6,68.9,83.7,66.1,8.3,DevOps Engineer,Likely,84.9
57.5,74.3,68.8,83.7,56.3,61.4,6.9,Data Scientist,Unlikely,18.5
67.7,66.7,79.7,80.1,76.5,74.2,8.3,Cloud Engineer,Likely,93.3
67.3,69.7,15.9,72.4,98.8,88.2,1.3,Python Developer,Unlikely,27.3
55.6,66.6,79,70.8,98.9,70.6,7.5,Python Developer,Unlikely,49.5
72.2,60.5,20.6,65.4,69.4,69.6,2.3,Database Administrator,Unlikely,35
71,65.3,58.3,94.1,77.6,75.7,3.7,QA Engineer,Likely,71.1
84.2,68.5,50.2,97.6,87.1,92,3.8,QA Engineer,Likely,99
87.5,74.8,41.6,84.2,71.5,80.9,4.9,Database Administrator,Likely,93
91.7,100,29.9,94.7,76.7,94.2,3.3,DevOps Engineer,Likely,88.1
79.5,98.4,95.4,83.2,63.1,82.9,8.3,Frontend Developer,Likely,96.4
48.4,46.8,24.9,66,62.3,54.3,2.1,Database Administrator,Unlikely,15.5
62.4,38.5,40.8,69.4,81.6,64.4,3.3,Python Developer,Unlikely,12.1
92,85.2,46.1,100,60.6,93.5,5.3,Frontend Developer,Likely,93.3
71.2,78.3,100,70.3,70.5,71.2,13.2,Data Scientist,Likely,54.6
80.1,90.8,88.8,93.2,73.8,88.2,7.8,Frontend Developer,Likely,95.9
69.4,81.4,33.7,80.6,75.4,74.8,3.2,Cloud Engineer,Likely,57.3
90.3,76.6,50.7,85.1,88.3,89,5.6,DevOps Engineer,Unlikely,46.9
61.5,41,67.1,58.2,81.7,50.8,5.5,Full Stack Developer,Unlikely,44.2
100,100,52,100,74.1,100,4.1,Machine Learning Engineer,Likely,83.9
69.1,62.6,93.4,67.7,51.7,77.1,8.2,Backend Developer,Likely,67
77,70.9,54.1,73.1,61,61.6,5.8,Python Developer,Likely,51.3
35.9,52,81.5,50.5,77.2,45.5,9,DevOps Engineer,Unlikely,8.5
61.6,56.7,21.5,68.5,65.2,69.3,2.8,Frontend Developer,Unlikely,20.1
59.1,64.2,44.6,70,83.7,75.1,4.6,QA Engineer,Likely,72.6
56.9,56.4,21.9,76.7,73.8,70,2.1,Database Administrator,Unlikely,22.6
85.3,77.8,39,90.7,68.5,73.5,3.4,Data Analyst,Likely,97
67.1,58,90.1,62.6,74,67.2,8,Cybersecurity Analyst,Likely,72
84.5,68.7,8.1,81,91.7,79.3,2.1,Cloud Engineer,Unlikely,37.7
54.3,51.3,26.7,52.8,93.3,48.5,2.4,Machine Learning Engineer,Unlikely,10.5
81.2,95.2,71.4,82,85.1,88.9,7.1,Frontend Developer,Likely,97.3
97,100,97.8,94,93.2,96.2,9.3,Data Analyst,Likely,98.4
64.5,60.9,43.7,67.1,64.8,61.2,5.3,Mobile App Developer,Unlikely,12.1
44.6,55,52.8,35.6,63.3,48.9,6.3,Data Analyst,Likely,63.9
92.6,87.8,29.3,79.7,83.9,90.9,4.6,Database Administrator,Likely,97.6
80.3,92.7,4.7,74.2,75.9,79.4,0,Data Analyst,Unlikely,49.7
44.9,60.2,37.2,49.6,54.5,61.7,4.1,Frontend Developer,Unlikely,10.9
97.5,98.7,78.9,93.9,57.7,95,7.4,Cloud Engineer,Likely,89.3
33.7,26.9,16.5,33.7,50.2,40.6,3.2,Machine Learning Engineer,Unlikely,6.4
46,46.8,45.4,71.1,86.2,60.5,3.3,Mobile App Developer,Likely,59.1
77.3,74.2,62,75.4,81.2,78.4,5.1,Database Administrator,Likely,78.8
83,89.1,69.1,94.6,88.8,79,8.5,Data Analyst,Likely,83.1
79.1,78.7,85.7,68.4,47,69,8.3,DevOps Engineer,Likely,72.7
83.2,74.1,42.5,92.5,77.8,76.8,4.9,DevOps Engineer,Likely,74.1
95.7,100,70,82.6,62.4,93.2,6.8,Data Analyst,Likely,94
70.2,71.6,25.4,91.8,65.9,88.8,2.4,Full Stack Developer,Likely,77.3
89,98,7.8,86.4,88.7,78,1.6,Data Analyst,Likely,68.8
90.5,100,75.8,95.7,69.5,84.7,7.2,Cloud Engineer,Likely,92.9
80.7,80.8,31.9,83.7,71.2,80.5,3.3,Backend Developer,Likely,88
100,94.7,40.5,100,53.4,90.2,4.6,Data Scientist,Likely,73
68.4,79.1,78.3,69,74.2,76.4,8.6,Python Developer,Likely,75.2
79.2,80,27,91,77.7,88.2,4.6,Full Stack Developer,Likely,55.5
76.7,86.2,23.1,70.1,85.1,83.4,2.3,Data Scientist,Likely,60.3
62.7,43.1,21.1,69.9,87.8,75.7,2.9,DevOps Engineer,Unlikely,38.8
69.9,60.2,62.2,57.8,69.9,56.5,3.7,QA Engineer,Unlikely,37.8
70,88.2,32.7,80.9,52.1,75.8,1.8,Database Administrator,Likely,63
85.6,100,25.5,100,76.1,74.3,2.2,QA Engineer,Likely,77.1
66.7,63,28.3,69.2,82.5,58.8,2.7,DevOps Engineer,Unlikely,26.4
82.9,96.8,93.1,66.8,65.3,76.7,9.5,Full Stack Developer,Likely,87.5
67.3,81.8,87.2,67.4,48.9,59.1,8.8,Data Scientist,Unlikely,48.1
88.7,94.5,46,85.3,87.1,100,4.1,Python Developer,Likely,92.3
100,86.7,16.8,93.7,84.4,100,3.7,Data Analyst,Likely,85.6
66.7,77.1,14.6,84.3,88.9,82.8,1.5,QA Engineer,Unlikely,35
84.4,92.8,57.1,96.8,80,91.6,6.1,Data Analyst,Likely,83.7
77.6,78.6,31.1,71.5,61.2,79.8,3.8,DevOps Engineer,Unlikely,32.8
65.1,86.9,44,77.6,52,57.9,3.8,Machine Learning Engineer,Unlikely,34
65.3,63.9,41.7,74.2,91,64.6,4.5,QA Engineer,Likely,57.8
66.4,62.9,52.6,76.1,81.6,81.9,3.6,Frontend Developer,Likely,59.9
78.8,58.6,39.4,79.7,61.1,66.9,4.8,Data Analyst,Likely,83.6
81.8,81.5,61,67.6,69.1,71.9,6.8,Machine Learning Engineer,Likely,72.2
65.7,76.8,38.6,95.9,62.1,81.8,3.1,Cybersecurity Analyst,Likely,93.9
61.4,55.6,37.7,77.2,74.7,69.8,3.2,Database Administrator,Unlikely,45.6
98.6,98.8,41.4,92.8,71.1,91.7,5.1,Backend Developer,Likely,97.6
40.6,45.2,73.7,71.1,87.2,65.6,7.4,Full Stack Developer,Likely,71.4
39.3,34,36.9,43.2,79.5,57.8,4.3,QA Engineer,Unlikely,2.6
56.4,55.8,16.3,66,56.4,55.5,2.3,DevOps Engineer,Unlikely,45.5
100,100,49.6,86.8,76.3,95.1,2.7,Full Stack Developer,Likely,96.6
65.5,53.2,0,80.4,70.8,70.7,0,Data Analyst,Unlikely,27.7
85.1,89.1,43,95.1,66.2,87.5,5,Mobile App Developer,Likely,92.5
78.9,77.1,34.7,80,61.8,100,3.2,Cloud Engineer,Likely,47.7
85.5,81.8,0,77.1,54.8,70.9,0,Python Developer,Unlikely,31.6
75.3,79.8,44,70.1,77.3,63.6,5.7,Machine Learning Engineer,Likely,77.3
73.2,68.9,71.3,70.3,100,68.7,8.1,Full Stack Developer,Likely,56.7
93.7,92.3,33.6,95.4,78.4,86.4,2.7,Mobile App Developer,Unlikely,47.2
64,54.5,27.4,69.3,68.7,56.3,3.5,Full Stack Developer,Unlikely,45.9
84,84.2,40.6,90,90.1,82.4,4.5,DevOps Engineer,Unlikely,51.5
86.3,84.7,0,89.6,91.2,100,0,Machine Learning Engineer,Unlikely,42.1
71.3,75.8,32.4,94.9,88.9,83,2.8,Data Analyst,Likely,77.1
76,71.4,27.8,71.1,76.9,72.5,2.1,Frontend Developer,Unlikely,50.3
64.7,72.6,44.8,86.8,53.9,81.2,5.2,DevOps Engineer,Unlikely,37
74.6,69.1,100,88.2,83.7,86.3,12,Cybersecurity Analyst,Likely,92.6
91.4,88.5,27,100,77.3,100,2,Database Administrator,Likely,70.1
67.4,64.5,69,80.9,95.2,68.7,5.7,DevOps Engineer,Likely,77.5
71,38.6,14.3,56.3,97.2,55.8,1.6,Frontend Developer,Unlikely,10.1
57.3,72.4,10.9,70,69.6,70.2,0.1,Database Administrator,Unlikely,28.6
53.9,57.4,28.4,87.3,64.8,74.4,2,Full Stack Developer,Unlikely,19.1
58.2,52.3,75,66.3,65.8,62.2,8.1,Database Administrator,Likely,53.3
81.5,81,60.2,78.5,68.4,97.4,6.3,Database Administrator,Likely,81.6
91.9,95.4,5.1,93.2,70.1,93.4,0,Mobile App Developer,Likely,70.4
100,100,57.7,100,78.8,100,6.4,QA Engineer,Likely,92.5
93.5,86,41.3,100,83.3,86.9,3.1,Python Developer,Likely,95.4
81.5,94.1,98.2,99.3,71.4,99,9.7,Data Analyst,Likely,99
61.8,48.5,99.1,59.2,100,74.5,9.1,Frontend Developer,Likely,64.6
70.5,66.3,23.4,62.2,86.1,63.8,1.9,Python Developer,Unlikely,11.5
90.6,92.4,0,81.1,69,85.3,0.7,Data Analyst,Unlikely,27.9
51.4,54.3,44.2,63.3,96.7,70.3,4.9,Python Developer,Unlikely,16.2
61.8,68.3,65.8,71.3,67.6,83.2,6.9,Cybersecurity Analyst,Likely,62.7
60.2,59.7,44.5,66.7,74.3,61.3,4.3,Data Analyst,Likely,53.3
65.4,58,16.2,83,65.9,75.3,0,Data Scientist,Unlikely,31.4
77.3,90.3,58,96.9,72.1,77,6.4,Mobile App Developer,Likely,86.9
47.6,49.4,52.1,56.5,85.3,36.1,6.4,QA Engineer,Unlikely,48.1
61.9,75.9,43.1,65.5,52.8,77.3,5.7,Database Administrator,Unlikely,39.6
71.7,70.6,70.6,69.5,89.5,70.7,7.9,Data Scientist,Likely,92.7
71.9,71.7,43.5,80.4,77.2,80.9,3,QA Engineer,Likely,91.8
100,100,27.8,89.9,67.8,83.9,3.2,Data Analyst,Likely,81.2
86.8,83,41.8,92.9,66.1,86.2,5,Machine Learning Engineer,Likely,91.6
62.9,68,53.5,80.9,67.4,68.6,5.3,Data Analyst,Likely,53.7
68.2,75.1,54.7,67.9,84.5,68.2,6,Cloud Engineer,Likely,63.3
62.8,49.5,29.8,73.6,78.1,72.1,2.8,Data Analyst,Unlikely,24.1
47.1,55.3,49.1,54.3,69.9,46.2,5.7,Data Scientist,Unlikely,7.9
92.7,77,30.9,81.2,70.5,83.7,3,DevOps Engineer,Likely,65.9
84.7,81.8,15.5,98.1,85.8,98.6,1.2,Data Analyst,Likely,61.9
73.8,81.8,37.7,85.7,74.9,94.8,4.2,Cybersecurity Analyst,Likely,90
57,53.1,52.1,43.8,91.7,52.7,3.9,Mobile App Developer,Unlikely,10.7
68.4,72.9,30.1,87.7,63.1,73.6,2.3,Cloud Engineer,Unlikely,38.3
87.9,94.4,16.3,94.9,65.9,91.2,0,Data Scientist,Likely,62.4
62.6,63.4,55.1,70.4,78.5,68.4,5,DevOps Engineer,Likely,55.8
78.8,69.1,43.6,69,95.5,85.2,4.4,Frontend Developer,Likely,60.9
83.5,81.2,75,93.2,68.1,100,8.6,Backend Developer,Likely,96.9
83,97.7,13.6,84.7,55.6,87.5,1.4,Python Developer,Likely,86.3
48.9,52.5,31.3,62.3,83.9,73.3,2.3,Machine Learning Engineer,Unlikely,13.2
85.9,72.5,64.1,75.4,67.2,84.4,4.9,Backend Developer,Likely,80.6
95,98.6,32.9,100,76.5,97.8,2.6,DevOps Engineer,Likely,75.5
68.1,59.6,100,73.6,83.2,73.5,10.6,Backend Developer,Likely,94.3
84.5,82,39.6,100,88.7,91.4,2.8,Backend Developer,Likely,64.6
63.4,53.3,2.8,52.5,77.2,61.6,0,Backend Developer,Unlikely,12.2
45.9,41.6,51.9,41.4,76.9,59.3,5.9,Full Stack Developer,Unlikely,6.7
71.9,73.8,42.6,71.2,88.9,74.5,3.8,Data Analyst,Unlikely,45.9
46.7,37.3,13,55.5,72.8,42.5,2.9,Data Scientist,Unlikely,9.4
38.8,57.9,31.4,56.2,83.3,53.6,1.9,Cybersecurity Analyst,Unlikely,13
80.6,87,8.1,80.4,71.3,100,0,Full Stack Developer,Likely,51.4
70.8,66.3,44.4,64.2,84.1,77.4,5,Python Developer,Unlikely,38.4
64.8,64.8,50.3,48.9,68.8,54.2,6.2,Backend Developer,Unlikely,24.5
82.8,70,39.4,82.4,79.4,73.6,3.6,Cloud Engineer,Likely,71.7
81.9,75.6,6.7,82.1,68.1,63.8,1.2,Backend Developer,Likely,53.4
73,80.9,32.5,91.7,50,76.8,4.6,Cybersecurity Analyst,Likely,79.8
75.2,79.6,66.2,70.5,84.8,87.4,5.6,Backend Developer,Unlikely,44.6
96.6,100,36.5,98.1,92,100,3.2,Data Scientist,Likely,72.9
60.4,54.7,16.8,73.8,60.7,65.4,2.4,QA Engineer,Unlikely,5.3
62.3,61.8,53.5,54.9,58.5,72.1,5.3,Cybersecurity Analyst,Unlikely,32.9
83.9,81,50.5,88.3,75.7,89.6,4.9,Machine Learning Engineer,Likely,72.3
51.7,63.6,25.1,78.8,61.4,61.6,2.8,Database Administrator,Unlikely,15.8
71.4,79.6,41.7,84.4,83.9,67.4,4.4,Cybersecurity Analyst,Likely,69.5
54.9,39.3,70.9,51,64.7,65.9,6.8,Backend Developer,Unlikely,20.3
74.2,87.3,17,70.1,77.2,83.7,1.3,Cybersecurity Analyst,Unlikely,36.7
68,81.2,25.5,74.9,73.9,74.4,2.1,Data Scientist,Unlikely,22.8
56.8,44.6,51.1,46.7,88.6,70.6,5.6,Data Analyst,Likely,63.6
82,69.6,0,75.9,85.8,75.6,0.3,Full Stack Developer,Unlikely,14.7
81.4,81.5,53.7,100,88.9,78.8,6,Cloud Engineer,Likely,69
81,78.9,57.5,84.3,72.4,79.1,6,Mobile App Developer,Likely,69.7
52.9,56.1,40.3,77.2,83.1,64.2,4.2,DevOps Engineer,Unlikely,24.7
74.5,83.2,50.2,88.9,69.4,84.5,4.6,QA Engineer,Likely,69.8
61,54.1,24.9,54.3,61.4,55.2,3,Data Analyst,Unlikely,19.5
67.8,71.7,76,92.1,71.7,68.4,6.8,Cybersecurity Analyst,Likely,89.2
51.8,56.6,18.9,52.3,86.7,54.3,2.1,Full Stack Developer,Unlikely,14.9
48.1,48.2,35.8,44,74.9,52.9,4.5,DevOps Engineer,Unlikely,8.4
80.2,85.4,100,96.8,88.4,94,15,Frontend Developer,Likely,97.3
69.2,75.9,58.1,69.8,85.7,73.6,4.8,Python Developer,Likely,62.1
55.9,37.2,35.3,76.8,80.3,64.4,3.5,Frontend Developer,Unlikely,34.8
99.9,100,66.7,100,73.2,97,6.8,Machine Learning Engineer,Likely,98.3
62.5,65.8,33.7,83,66.6,72.3,3,Data Analyst,Unlikely,47.1
63,56,64.8,67.3,78.7,69.4,5.6,Cloud Engineer,Likely,50.5
76.1,83,47.7,89.1,81.5,75.4,5.6,Cloud Engineer,Likely,63.8
88.6,97.1,57.4,78.5,73.4,84.6,6,DevOps Engineer,Likely,94.8
52.9,54.3,100,69.1,82.5,51.2,9.4,Backend Developer,Likely,52.9
88,99.2,6.8,100,74.1,75.3,1.3,Full Stack Developer,Unlikely,30.6
72.3,72.1,20.7,82.1,58,81.3,2.5,Data Analyst,Unlikely,34.3
66.7,74,56.9,79.9,56,80.1,5.4,Backend Developer,Likely,72.6
68.5,65.4,45.5,88.8,56.8,79.7,5.1,Cybersecurity Analyst,Likely,70.7
64,56.8,75.9,61.4,80.2,66.6,7.9,QA Engineer,Likely,74.7
77.9,74,56,83.2,76.6,70.1,4.6,Frontend Developer,Likely,83.1
73.3,78.1,48.4,76.5,79.5,66.2,4.4,Data Analyst,Unlikely,43.1
74.9,88.5,36.7,67.1,82.7,79.9,4.4,QA Engineer,Unlikely,48.8
45.4,54,21.7,73.5,72.6,63.4,0,Data Analyst,Unlikely,11.8
73.8,73.6,54.9,82.8,72,79.4,5.4,Cloud Engineer,Unlikely,45.4
93.2,83.5,18.9,100,78.4,82.8,0,Data Analyst,Likely,79.9
61.5,48.4,8.6,62.5,72.7,63.5,0,DevOps Engineer,Unlikely,19.2
59.5,54.9,0,73.6,78.9,69.1,1.2,DevOps Engineer,Unlikely,8.6
81.5,77.9,29.8,99.8,59.9,74.4,2.9,Backend Developer,Likely,65.2
83.1,78.6,48.5,76.1,74.5,80,4.9,Full Stack Developer,Likely,68.8
89,83.4,80.2,100,69.9,80.3,7.4,Mobile App Developer,Likely,91
78.1,82.8,65,82.8,71.8,83.1,6,DevOps Engineer,Likely,95.6
76.8,76.7,49.4,68.1,83.2,82.2,4.9,Machine Learning Engineer,Likely,80.8
97.2,84.9,5.8,100,97.9,92.9,0.4,Frontend Developer,Likely,85.7
48.1,38.9,80.7,56.9,85.9,63.9,8.2,Data Scientist,Likely,53.1
96.4,91.6,44.5,76.5,66.4,82.8,5.2,Cybersecurity Analyst,Likely,73
68.2,75.8,39.8,71.7,73.6,84.8,4,DevOps Engineer,Likely,55.7
63.5,60,26.7,50.3,67.3,64.6,3.5,Full Stack Developer,Unlikely,6.6
39.9,36,41.5,44,97.8,37,3.6,Data Scientist,Unlikely,20.4
94.7,100,31,96.4,72.3,97.8,2.5,Machine Learning Engineer,Likely,71.2
83.4,87.7,51.2,86.5,97.7,80.5,5.6,Python Developer,Likely,95
64,73.7,67.3,78.8,61.7,70.6,5.9,Python Developer,Unlikely,52.3
73.8,82.5,37.8,75.1,50.3,92,4.6,Machine Learning Engineer,Likely,74.3
100,100,60.5,100,87.5,96.2,6.2,Backend Developer,Likely,99
59.1,74.1,37.2,63.6,44.5,72.4,3.7,Backend Developer,Unlikely,42.6
80.7,72.1,41.7,76.9,100,76,4.3,DevOps Engineer,Likely,82.5
62,44.1,83.4,61.9,72.1,67.7,7.3,Data Analyst,Likely,84.8
84.9,83.9,62,83.4,58.9,85.1,6.7,Data Analyst,Likely,91
83.1,62.8,17.5,88.4,100,83.2,2,Full Stack Developer,Unlikely,27.6
66,68.6,62.6,67,97.6,81.1,6.7,Data Analyst,Likely,85.4
60.7,46.6,6.3,52.3,98.8,47.2,0.1,Frontend Developer,Unlikely,24.9
97.7,96.3,64.5,93.8,100,100,5.3,Machine Learning Engineer,Likely,93.2
94.4,99,44.5,97.5,68.5,100,2.3,QA Engineer,Likely,84.6
76.5,70.3,35.2,73.7,87,81,3.9,Frontend Developer,Unlikely,44.6
60.7,47.2,42.4,99,84.8,73.2,4.6,Machine Learning Engineer,Unlikely,27.3
61.3,78,58.3,73.5,100,65.2,6.6,Cybersecurity Analyst,Likely,75.6
69.6,79.8,50.9,73.9,78.5,69.9,4.5,Cybersecurity Analyst,Likely,78.8
70.9,67.4,69.7,80.2,58.2,83.3,7.9,Full Stack Developer,Likely,78
100,99.4,59,100,91.4,100,5.1,Frontend Developer,Likely,92.2
54.7,42.9,57.3,54,76.1,71.6,5.5,Database Administrator,Unlikely,11.9
75.7,73.3,79.7,60.3,61.5,70.3,7.9,Python Developer,Likely,79.3
78.3,66.4,67,73.6,74.3,77,5.7,Backend Developer,Likely,59.6
94.6,93.6,51.2,97.7,88.4,97.6,4.6,Backend Developer,Likely,87.6
75.2,77.8,86.5,83.7,54.5,70.9,8.1,Python Developer,Likely,84.1
57,60.6,22.1,59.1,48.4,64.1,2,QA Engineer,Unlikely,15.1
90,79.1,90.9,96.9,86.3,92.4,7.4,Database Administrator,Likely,95.7
55.6,65.8,12.4,75.9,76.5,55.4,1.7,Cybersecurity Analyst,Unlikely,45.7
71.5,50.8,32.1,78.7,80.8,66.8,4.3,Frontend Developer,Unlikely,28.5
53.3,51.9,100,59,82.4,68.5,10.1,Data Analyst,Likely,59.2
76.8,71.7,5.6,87.8,100,95.1,1.3,Database Administrator,Unlikely,25.9
93.1,64,3.4,79,80.4,86.2,1.1,Data Analyst,Likely,53.1
77.2,63.5,34.1,68.5,96.9,86.6,3,Mobile App Developer,Unlikely,20
83.5,79.3,4.3,84.9,76.4,92.9,0,QA Engineer,Likely,65
60.6,61.9,18.6,77.3,82.9,57.9,1.5,Machine Learning Engineer,Unlikely,40.9
77.2,66,17.6,71.7,71.8,73.5,2.4,DevOps Engineer,Unlikely,20.7
47.9,34.3,49.3,46.4,73.3,48.9,3.5,Cybersecurity Analyst,Unlikely,7.2
48.8,45.8,31.6,58.5,70.4,59.2,3.8,DevOps Engineer,Unlikely,13
69.6,66.3,6.4,79.5,68.8,77.6,1.6,Python Developer,Unlikely,14.9
47.2,62.2,89.3,74.7,68.8,50.2,8.9,Data Analyst,Unlikely,47.5
63.7,69.8,29.7,74.6,68.2,76.2,2.5,Data Analyst,Unlikely,48.5
80.3,86.8,61.3,83.9,74,82.2,6.1,Backend Developer,Likely,94.7
69,76.3,57.6,74.3,60.2,64.9,5.5,Data Scientist,Likely,72.3
83.7,87.2,55.2,100,70.4,80.6,6.5,QA Engineer,Likely,89.1
54.2,36.8,57.8,56.9,100,61.5,7.6,Mobile App Developer,Unlikely,20.2
65.8,83.2,59.7,75.7,75.1,73.6,5.7,Machine Learning Engineer,Likely,63.5
63.6,65.4,57.3,70.5,60.5,80.9,5.6,Python Developer,Likely,81.8
93.9,100,53.9,86.1,90,100,4.4,Mobile App Developer,Likely,95.5
62.5,47.3,55.5,84.1,79.9,73.5,6,QA Engineer,Likely,54.1
56.5,42.7,34.4,71.2,82.7,71.6,2.7,Backend Developer,Unlikely,32
75.5,64.5,21.8,71.6,69,70.1,2.9,Python Developer,Likely,48.6
70.8,65.5,78.4,75.4,82.9,62.6,8.8,DevOps Engineer,Likely,60.3
45.4,44.8,5.9,56.6,64.8,53,1.1,Frontend Developer,Unlikely,8.7
81,70.8,42.9,84.5,71.2,80.4,4.4,Backend Developer,Likely,80.1
56.1,54.3,1.4,78.7,56.8,62.4,0,Python Developer,Unlikely,14.8
71.6,73.6,36.4,72.3,75.6,71,4.1,Frontend Developer,Unlikely,33.8
92.6,99.4,31.3,93.7,64.9,87.3,4.1,Backend Developer,Likely,92.1
88.6,69.1,36.4,76.9,98.5,79.2,3.5,Data Scientist,Likely,67.8
98.4,92.1,44.4,75,60.8,78.1,4.4,Mobile App Developer,Likely,89.4
75.1,71.9,22.4,73,71.4,72.2,3,Cybersecurity Analyst,Unlikely,31.7
50.3,52.3,7.9,62.6,73.2,63.6,1.2,Database Administrator,Unlikely,11.7
70.2,100,11,79.7,55,74.8,0,QA Engineer,Unlikely,38.5
63,58.2,63.9,62.8,97.6,62.5,6.5,Data Scientist,Likely,58.8
82,71.3,42,88,85.3,75.3,4.1,Frontend Developer,Unlikely,40.7
56.9,55,50.7,70.9,79.7,82,5.3,Machine Learning Engineer,Unlikely,19.4
96.9,100,12.6,100,100,100,0,Cloud Engineer,Likely,95.7
93.3,100,21.9,95.8,84.1,93,1.9,Machine Learning Engineer,Likely,77.2
52.4,59.6,35.3,70.8,81.8,63.8,3.8,Frontend Developer,Likely,48.7
61.3,66.3,29.9,83.5,88.8,64.2,1.3,QA Engineer,Unlikely,38.9
65.7,64.9,24.5,66.9,74.7,80.1,3.6,DevOps Engineer,Likely,81.7
68.3,70,45.4,80.2,55.3,78.2,3.6,DevOps Engineer,Likely,61.9
50.1,66.1,76.9,59.4,74.1,51.2,6.8,Python Developer,Unlikely,35.8
68.5,69.2,69.5,54,84.9,68.1,5,Data Scientist,Likely,65.7
73.7,81.2,32.8,81.1,77.8,90.1,0.8,DevOps Engineer,Likely,70.8
89.2,82.9,42.8,84.5,75.9,89.8,3.7,Mobile App Developer,Likely,82.7
95.1,80.7,77.7,82.6,82,90,7.8,Frontend Developer,Likely,90.1
99.7,82.9,69.4,96.8,59.9,87.4,5.3,QA Engineer,Likely,96.2
73.2,77.3,42.4,80.1,62,78.1,5.1,Data Scientist,Likely,57.7
90.4,93.8,0,94.6,73.2,83.6,0.9,Machine Learning Engineer,Unlikely,20.2
70,74.7,1.3,65.7,80.2,65.1,0,Cloud Engineer,Unlikely,7.8
39,35.8,72.9,69.9,89.3,53.7,7.1,Data Scientist,Unlikely,37.3
84.6,93.8,30.3,80.3,78.8,85.6,1.7,Machine Learning Engineer,Likely,63.8
77,68.1,61.1,92.9,87.8,90.2,4.7,Database Administrator,Likely,92.2
79.6,73.5,52.9,76.3,60.3,97.2,5,QA Engineer,Likely,65.2
56.4,63.4,0,60.6,85.5,64.4,0.8,Data Scientist,Unlikely,7.3
82.7,64.7,20.7,90.4,55.9,87.7,1.4,Cybersecurity Analyst,Unlikely,50.9
44.6,58.1,51.7,43.1,68.2,54.1,4.2,Frontend Developer,Unlikely,14.3
75.9,71.2,54.3,65.7,52.6,54.4,6.2,Full Stack Developer,Unlikely,39.2
60.5,41.9,41.7,78.9,84.2,61.4,4.3,Backend Developer,Likely,75.8
100,94.3,25.8,100,71.2,90.5,3.3,Database Administrator,Likely,86.9
58.5,45.9,70.7,67.6,71.2,62.5,6.8,Cloud Engineer,Unlikely,41.2
67.8,56,31.2,73.3,63.4,65.7,2,QA Engineer,Unlikely,15.1
100,87,0,96.9,78.8,91.4,0,Data Scientist,Likely,58.9
68.5,54,80.9,51.7,88.7,60,7.2,Full Stack Developer,Likely,75.9
95.3,100,9.1,100,87.6,88.2,0.6,Mobile App Developer,Likely,61.4
42.3,48.3,58.5,65.9,80.8,61.1,5.3,Python Developer,Unlikely,14.4
57.2,56.5,21.1,76,84.5,89.6,2.2,QA Engineer,Likely,56.1
74.6,75.6,37.9,88,79.1,87.6,4.9,Data Scientist,Unlikely,32.5
79.8,68.7,43.5,70.3,65.5,77.7,4.8,Data Analyst,Unlikely,29
80.6,82.9,20.1,87.2,78.6,84.6,1.1,Data Scientist,Unlikely,42.9
64.6,77.9,75.3,76.5,80.1,84.8,7.1,Database Administrator,Likely,95.9
71.6,61.6,37.6,80.3,72.9,72.8,3.1,Backend Developer,Unlikely,34.7
70.8,71.6,100,56.5,68.9,53.9,11.6,DevOps Engineer,Likely,63.2
100,100,0,100,80.2,86.1,0,Database Administrator,Likely,86.6
61.6,62.4,49.2,66.8,52.1,62.7,4.5,Data Scientist,Likely,49.6
82.6,100,51,86.8,76.4,84.8,5.8,Data Analyst,Likely,93.4
59.4,51.6,34,65.5,64.5,62.9,3.5,Cybersecurity Analyst,Unlikely,6.5
69.9,81.2,14,88.8,75.4,91.9,2,Full Stack Developer,Unlikely,35.1
56.6,59.5,14.9,56.6,75,70.8,2.1,Database Administrator,Unlikely,36.8
59.7,56.2,68.2,72.3,63.4,65.8,7.4,QA Engineer,Likely,61.5
66.5,61,57.1,70.3,74.9,85.2,4.6,QA Engineer,Likely,76
62,77.4,86.3,91.8,100,79.5,8.1,Database Administrator,Likely,76.6
69,79.3,81.9,70.6,77.8,81.7,8.6,Machine Learning Engineer,Likely,87.7
44.1,49,52.5,66.6,61.3,67.9,5.6,Data Scientist,Unlikely,29.7
75.3,76.7,0,83.6,77.8,77.3,0,Machine Learning Engineer,Unlikely,10
77.6,76,35.2,81.2,58.9,63.3,2.9,Database Administrator,Unlikely,29.9
55.1,48.9,97.1,64.7,87.3,68.8,9.9,Frontend Developer,Likely,73.6
61.3,54,79.1,51.8,69,65.1,7.6,Data Scientist,Likely,68.6
80,85.4,46,95.8,77.9,98.5,4.7,QA Engineer,Likely,88.5
75.5,83.4,35.8,70.1,94.9,79.6,2.9,Data Scientist,Unlikely,43.5
61,64.9,76.3,85.5,75.1,83.8,6.7,Machine Learning Engineer,Likely,74.3
52.9,61.8,84.6,60.4,85.3,82.7,7,Python Developer,Likely,50.2
58.7,80.5,56.3,66.3,74.8,68,6.1,Python Developer,Likely,77
52.7,41.9,84.4,47.9,90.8,60.9,9.2,Python Developer,Unlikely,29.9
87.6,92.6,58.3,64.3,84.8,77.1,5,Backend Developer,Unlikely,43.1
97.8,100,56.2,86.6,68.6,91.1,6.3,Data Scientist,Likely,81.2
66.8,63.7,40.9,69.5,94.1,66.6,3.5,Cybersecurity Analyst,Unlikely,44.4
88.6,92.6,49,82.3,73.1,85.3,4.2,Cybersecurity Analyst,Likely,57
67.4,70.3,40.3,68.9,80.3,60.7,4.4,Python Developer,Likely,57.5
56.1,67.6,100,78.8,72.8,60,9.8,Cloud Engineer,Likely,86.9
70.7,56.2,11.2,75,76.9,67.6,1.9,Backend Developer,Unlikely,25.1
94.4,100,86.8,100,63.7,87.1,8.9,Mobile App Developer,Likely,83
93.7,97.8,91.4,83.5,52.9,99.8,9.8,Frontend Developer,Likely,97.5
66.9,63,62.7,69.5,78.2,77.3,5.1,DevOps Engineer,Likely,69.5
97.6,100,61.3,84.9,69.7,98.3,6,Full Stack Developer,Likely,77.3
69.6,70,11,82.1,83.2,71.3,0.3,Database Administrator,Unlikely,16.7
62.9,51.1,36.4,76.6,74.8,68.7,4.6,Full Stack Developer,Likely,54
59.4,59.3,36,60.2,80.2,79,3.9,Python Developer,Unlikely,37.6
100,100,68.2,96.3,69.4,89.8,6,DevOps Engineer,Likely,92.9
79.9,90.6,0,95.2,65.2,70.5,1.1,Python Developer,Unlikely,46.2
78.8,76.6,84.8,60.3,66.5,79.5,9.7,QA Engineer,Likely,62.6
84.7,98.2,78.4,91.3,63.2,94,7.5,Mobile App Developer,Likely,99
59.1,55.2,29.6,53.8,74.3,58.1,3.3,Python Developer,Unlikely,6.7
61.1,42.8,69,76.2,87.5,73.9,7.5,Database Administrator,Likely,74.6
83.2,85.7,29.3,88.4,88.2,93.5,2.6,Full Stack Developer,Likely,70.5
60,38.4,49,72.5,71,70.4,5.8,Machine Learning Engineer,Likely,65.6
100,100,52.3,83.6,100,90.4,4.5,Data Analyst,Likely,85.7
65.4,65.2,34.9,75.7,81.3,63.4,2.7,DevOps Engineer,Likely,53.1
92.5,100,21.9,100,95.7,100,2.1,Database Administrator,Likely,88.6
95.9,93.3,10.9,88.8,81.7,87.2,1.3,Database Administrator,Unlikely,26.3
58.6,69.6,65.3,75.4,56.4,70.7,6.9,Full Stack Developer,Likely,73.6
75.1,88.2,41.4,89.3,77.3,80.9,4.3,Mobile App Developer,Likely,78.8
82.7,89.4,47.8,90.3,60.6,83.5,5.6,Data Scientist,Likely,93
41.5,40.6,100,74.9,87.5,70,10.7,Machine Learning Engineer,Likely,92.5
67.1,76.1,26.9,83.8,91.2,75,2.8,Data Analyst,Likely,84.8
61.4,62.2,21.6,65.2,66.8,72.5,2.7,Database Administrator,Unlikely,11
65.7,76.3,67.7,61.6,91.8,74.2,6.2,Backend Developer,Likely,61
66.8,67.9,39.2,86.6,74.4,67.7,3.8,Data Analyst,Unlikely,45
54.2,56.7,68.1,79.8,62.8,61.2,5.9,Backend Developer,Unlikely,24.3
66.1,73.1,17.1,60,67.3,60.9,0.8,Mobile App Developer,Unlikely,4.2
61.3,39.4,66.1,68,67.7,55.5,5.8,Database Administrator,Unlikely,50.2
100,100,94.1,100,66.6,91.5,9.1,Full Stack Developer,Likely,82.8
68,70.1,22.1,86.8,73.4,74.5,0.7,Cloud Engineer,Likely,61
45.9,50.7,22,48.3,85,65.5,1.5,Data Scientist,Unlikely,17.7
96.1,92.8,34.1,93.1,94.4,75,3.9,Python Developer,Likely,94.4
57,46.3,29.9,68.2,80,56.9,1.4,Machine Learning Engineer,Unlikely,23.3
79,87.4,59.6,69.5,76.7,83.1,5.6,Data Scientist,Likely,84.6
71.9,89,16.7,66.1,80.8,67.5,1.7,Data Analyst,Unlikely,26.5
60.2,62,59.4,58.4,78.7,77.5,5.8,Data Scientist,Likely,62.3
100,83.7,29.7,100,81.2,98.2,2.9,Mobile App Developer,Likely,64.5
51.3,47.9,89.7,45.2,72.8,53.8,9.2,Frontend Developer,Unlikely,6.6
70.8,62.9,70.2,59.8,49.4,77.2,7.3,Mobile App Developer,Likely,74.3
70.9,55.7,42.1,78.6,82.5,75.4,3.5,Backend Developer,Unlikely,47.6
52.8,72.5,40.4,69.3,74.5,65.8,4.6,Frontend Developer,Unlikely,50.3
59.2,55.7,58.2,70.8,53.9,61.2,6.7,Data Scientist,Unlikely,40.9
70.7,52.3,65.3,79,76.3,61.6,7,Data Scientist,Likely,73.8
89.9,90,39.1,100,66.3,100,4,Full Stack Developer,Likely,87.2
53.9,78,92.3,69.9,73.2,61.2,8.7,Python Developer,Likely,75.1
26.9,24.8,34.9,46.3,87.4,53.7,3.7,Database Administrator,Unlikely,3.1
68.2,63.3,3.1,78.8,96.8,70.4,0,Database Administrator,Unlikely,5
62,69.5,51.4,82.4,85,77.5,4.6,Full Stack Developer,Unlikely,39
56.5,52.5,82.7,54.5,72,56.3,8,Python Developer,Unlikely,38.4
71.4,80.5,99.5,78.4,60.7,89.4,11.1,Machine Learning Engineer,Likely,81
73.4,69,52.8,72.1,51.7,89.2,4.5,Mobile App Developer,Unlikely,35.6
71.1,58.2,75.3,66.9,85.2,75.2,6.9,Database Administrator,Unlikely,44.1
49.5,36.5,87.5,46.1,83.9,66.8,8.2,Mobile App Developer,Unlikely,51.5
60.2,66.7,81.6,77.3,51.1,74.7,8.5,Data Scientist,Likely,57.4
42.9,25.9,61,54.5,77.5,51.7,6.6,Cybersecurity Analyst,Unlikely,16.2
74.6,89.7,38.3,82.4,59.2,86.1,3.4,Cybersecurity Analyst,Unlikely,39.1
98.6,97,38.6,97.2,73.2,100,3.8,Machine Learning Engineer,Likely,91.9
52.1,52.9,67.6,70.2,93.9,62.1,8.2,QA Engineer,Likely,84
63.3,71.1,58.4,63.5,69.7,49.4,5.8,Cybersecurity Analyst,Unlikely,48.9
79.9,79.6,17.6,95.8,59.3,81.8,0,QA Engineer,Unlikely,42.6
100,87.8,36.6,90,64.1,100,4.7,Python Developer,Likely,84.1
83,81.6,81.9,64.2,69.1,73,7.8,Data Scientist,Likely,82.2
77.9,96.3,35.9,86.7,72.1,91.3,3.9,Backend Developer,Unlikely,38.5
98.2,100,42.9,100,65.1,100,2.5,Mobile App Developer,Likely,97.7
59,44.2,90.5,62.5,89.1,93.2,9.6,Mobile App Developer,Likely,52.6
50.2,43.4,45.2,77.7,77.1,74.5,4.5,Machine Learning Engineer,Unlikely,25.2
53.2,52.8,39.2,69.1,90.3,56.2,3.4,Cybersecurity Analyst,Unlikely,29.9
60,40.4,46.8,65.6,71.8,64.9,4.4,Full Stack Developer,Likely,61.2
78.4,80.8,31.2,76.2,75.4,61.3,3.1,DevOps Engineer,Likely,56.5
91.8,100,53.3,92.3,91.8,95.1,6.2,Frontend Developer,Likely,99
57.5,43.3,84.2,63.1,57.5,56.9,8.6,Frontend Developer,Likely,50.3
65,66.8,56.5,54.4,80.3,70,5.7,Full Stack Developer,Unlikely,31.1
74.5,77.1,75.7,79.3,100,67.3,6.5,QA Engineer,Likely,85.4
66,59.2,31.3,62.5,68.1,50.9,2.7,Database Administrator,Unlikely,13.3
60.6,57.8,36.9,59.2,68.8,66.2,2.3,Python Developer,Unlikely,7.6
86.5,84.2,79.6,78.1,75.1,83.2,8.5,Mobile App Developer,Likely,93.3
49,54.5,2,72.5,60.4,44.6,1.1,Cybersecurity Analyst,Unlikely,9.4
88.5,100,55.9,95.8,82.4,93.4,5.4,Cloud Engineer,Likely,94.5
76.6,65,0,85,91.5,96,0.8,Data Scientist,Likely,60.9
79.4,76.1,27.5,88.4,67.6,65.2,3.7,Machine Learning Engineer,Unlikely,47.8
87.2,91.8,61.8,86.7,71.1,93.9,5.6,QA Engineer,Likely,65.4
85.9,80.7,38.2,80,85.8,100,5,QA Engineer,Unlikely,41.5
46.3,63.8,73.3,68.3,69.5,65.3,8.4,Backend Developer,Likely,60.6
74.7,87.9,25.9,96.2,74.5,68.7,1.7,Backend Developer,Unlikely,43.6
73.3,76.5,23.1,80.3,53.7,69.1,1.7,Mobile App Developer,Unlikely,24.5
78.8,79,30.9,100,73.5,92.5,2.7,Backend Developer,Unlikely,41.2
83.5,100,47.9,85.1,100,100,4.3,Mobile App Developer,Likely,88.7
73.2,97.9,42.4,93.4,71.4,86.1,4.4,Database Administrator,Likely,92.1
48.2,61,41.7,70.8,81.5,56.4,4.3,Machine Learning Engineer,Unlikely,25.3
94.9,96.9,51.6,100,92.9,81.1,6.4,Cloud Engineer,Likely,88.7
94.3,94.5,60.4,88.2,76.7,92.3,5.4,Mobile App Developer,Likely,87
97.6,99.7,8.3,100,68.2,100,0.5,Data Analyst,Unlikely,40.8
72.5,86,66.6,83.6,79.8,84.6,6.7,Machine Learning Engineer,Likely,51.6
70,65.5,37.6,61.4,66.7,73.6,4.1,Python Developer,Unlikely,45.1
75.8,80.8,58.8,89.3,82.3,73.8,5.8,Backend Developer,Likely,91.7
72.8,65.3,53.4,67,93.3,82.1,5.5,Full Stack Developer,Likely,54.6
100,100,81.2,99.6,68.4,99.4,7.5,DevOps Engineer,Likely,96.8
81.4,87.3,61.1,95.3,68.1,82.3,4.9,Cybersecurity Analyst,Likely,72.6
70,85.1,4.3,67.2,80.7,82.6,0.4,Backend Developer,Unlikely,13.7
100,98.2,50,100,54.7,80.9,4.2,Python Developer,Likely,82
74.9,83.3,35.4,89.5,84.5,91.8,4.2,Data Scientist,Likely,71.7
67.7,71.2,0,58.2,60.3,66.4,0,Data Analyst,Unlikely,27.7
79.4,99.1,51.8,100,89.4,91.4,4.3,Cybersecurity Analyst,Likely,89.6
81.5,75.9,26,83.5,65,86.1,3.3,Python Developer,Unlikely,21.7
89.6,94.3,86.9,91.9,100,100,8.3,Python Developer,Likely,95.1
71.9,74.9,93,81,69.4,70.9,9.6,Data Scientist,Likely,77.9
90.7,79,68.1,94.5,73.4,85.1,5.9,Python Developer,Likely,92.1
57.9,58.9,70.4,61.7,69.5,73.8,5.8,Data Scientist,Likely,60.8
85.3,89,59.4,100,63.6,98.2,5.1,Machine Learning Engineer,Likely,88.5
95.7,100,73,100,61.9,83.6,6.8,DevOps Engineer,Likely,89.2
82,98.3,31.1,89,47.1,87.5,4,Data Analyst,Likely,82
53.7,61.9,43.8,65.8,74,74.7,4.3,Python Developer,Unlikely,30.1
73.8,84.8,8.1,68.9,60.8,80,1.9,Database Administrator,Unlikely,10.8
85.4,93.9,90.5,88.8,66.7,91.6,9.1,Cybersecurity Analyst,Likely,85.2
91.3,86.6,38.1,87.4,78,92.6,2.3,DevOps Engineer,Likely,57.3
100,86.5,35.7,100,58.8,100,3.6,Machine Learning Engineer,Likely,93.1
82.2,81.6,5,96.1,75.6,93.6,0.4,Full Stack Developer,Unlikely,30.3
65.4,75.6,51.1,79.2,59.4,72.9,3.4,Full Stack Developer,Unlikely,31.1
100,89.3,57,96.5,81.9,87,4.6,Backend Developer,Likely,93.3
59.5,64.6,4.2,86.2,83.5,72.6,1.6,Cybersecurity Analyst,Unlikely,25.4
74.3,56.6,52.9,70.3,55.3,75.2,5.4,Backend Developer,Unlikely,38.5
64.9,60.1,57,72.7,80,85.2,5.3,Backend Developer,Likely,80.7
72.2,62.5,63.2,52.2,86.2,68.7,6.3,Data Scientist,Likely,76.5
94.3,82.9,16.9,79,96.7,93.1,2.7,Cybersecurity Analyst,Likely,70.7
78.2,89.1,100,87.8,89.6,87.2,10.1,Python Developer,Likely,94.5
86.9,91.8,65.3,82.7,76.3,74.4,7.2,QA Engineer,Likely,85.9
78.6,94.7,38.1,76.1,64.7,81.8,3.7,Data Scientist,Likely,81.9
82.8,94.5,51.9,96.4,83,87.8,4.5,Database Administrator,Likely,86.6
61,60.1,69.2,50,69.4,45.3,5.7,Cloud Engineer,Unlikely,35.2
65.8,62.5,38.4,64,77.9,78,4,QA Engineer,Unlikely,44
59.5,52.6,12.7,65.2,66.7,70.4,1.9,Backend Developer,Unlikely,36.8
58.7,59.9,59.3,71.9,81.6,55.1,5.8,Cloud Engineer,Likely,58.9
73.6,79.8,46,89.8,95.3,91.7,5.3,Cybersecurity Analyst,Likely,89.4
100,86.9,65.2,100,78.3,88.1,5.3,Cloud Engineer,Likely,82.5
56.1,45.9,0,50.2,78.1,52.2,0.6,Python Developer,Unlikely,7.5
100,100,30,100,63.5,100,3.8,Python Developer,Likely,88.6
80,90.9,0,77.6,91.9,81.1,0,Database Administrator,Likely,57.9
69.2,73.4,29.3,84.2,66.5,83.4,2.7,Cloud Engineer,Unlikely,51.6
85.3,79,50.2,84.8,43.7,79.7,5.3,Full Stack Developer,Likely,84.6
57.9,49.7,41,62.8,81.6,78.8,3.9,Machine Learning Engineer,Unlikely,18.9
60.2,51.9,0,63.8,85.3,55.3,0,Full Stack Developer,Unlikely,3.4
71.4,55.3,71.7,65,78.6,79.8,7.8,Backend Developer,Likely,52
57.2,39.6,29.3,54.3,72.9,63.3,2.6,Full Stack Developer,Unlikely,16.2
95.9,100,16.1,100,72.8,80.4,2.4,Machine Learning Engineer,Likely,92.3
95.8,85.5,91.8,94,70.8,80.5,9,Cloud Engineer,Likely,96.2
73.4,72.7,63.8,68.1,76.1,66,6.5,Data Analyst,Unlikely,29.6
79.8,64.3,71.5,79,93.2,70.3,7.5,Python Developer,Likely,57.4
85.7,80.7,60.6,98.9,75.2,87.5,5.3,Mobile App Developer,Likely,86.8
87.6,92.1,100,87.8,100,91,9.4,DevOps Engineer,Likely,91.8
90.2,93.3,22.3,87.8,70.2,82.2,2.9,Database Administrator,Unlikely,34.9
63,56.8,61.6,51.3,50.4,49.2,6.9,QA Engineer,Likely,61.7
79.8,84.2,51.6,94.7,81.4,87.5,4.3,Data Analyst,Likely,89.8
77.2,79.5,27.4,91.3,93.7,81.5,1.4,QA Engineer,Likely,68.3
81.8,77.6,85.3,77.3,76.4,74,8.1,Cloud Engineer,Likely,85.4
83.9,87.2,100,93.2,69.1,80.4,10.9,Data Scientist,Likely,95.3
47.9,55.5,35.6,57.1,66.2,61.4,4.7,Backend Developer,Unlikely,37.2
96.8,89,42.5,83.2,79,100,3.6,Frontend Developer,Likely,57.6
59.9,57.6,26.2,77.7,52,60.7,1.9,Backend Developer,Unlikely,4.3
81.7,77.6,43.7,85.4,89,89.9,4.3,Machine Learning Engineer,Likely,99
87.9,88.6,30.5,73,73.6,88.8,3.2,Database Administrator,Likely,76.2
79.3,70.4,18.7,88.5,89.1,84,2.8,Machine Learning Engineer,Unlikely,42
45,33.8,68.6,49.3,62.8,43.7,6.4,Data Scientist,Unlikely,15.3
88,88,0,88.4,85.7,72.5,0,Database Administrator,Unlikely,45.5
75.9,71.9,46,63,100,80.4,4.5,Mobile App Developer,Likely,67.7
61.2,53.4,68.4,67.1,81.5,65.2,5.6,QA Engineer,Unlikely,24.2
51.9,55.2,29.4,72.9,100,74.3,2.8,QA Engineer,Unlikely,33.6
48.3,62.8,28.5,61.3,91.3,72.9,1.8,Data Analyst,Unlikely,27.1
60.1,51.8,83.5,71.7,95.7,51,8.3,DevOps Engineer,Likely,86
77.8,100,21.6,87.1,81.1,88.6,2.5,Data Scientist,Likely,79.5
38.6,36.9,34.4,49.3,79.4,50.5,3.8,Data Scientist,Unlikely,4
73.8,72.2,65.5,71.2,71.9,68.8,6.4,Backend Developer,Likely,85.4
85.8,93.9,18.4,100,100,100,1.3,Mobile App Developer,Likely,67.4
81.4,88.6,25.7,78.2,68.9,84.3,2.7,Cybersecurity Analyst,Unlikely,45.9
51,55.9,75.8,57.5,78,61.7,7.6,QA Engineer,Likely,48.5
42.5,55.6,48.4,60.1,71.5,60.2,4.9,Cloud Engineer,Unlikely,17.5
65.6,66.4,80.2,66.1,81.2,84.5,7.8,DevOps Engineer,Likely,90.3
99.5,86.6,74,78.4,79.1,87.2,8,Data Analyst,Likely,81
67.3,76.3,45,73.5,77.9,63.9,2.8,Database Administrator,Likely,45.3
60.3,51.3,24.1,65.5,79.1,36.9,2.7,Mobile App Developer,Unlikely,6
51.6,58.8,0,74.2,68.8,54,0,DevOps Engineer,Unlikely,6.9
73,74.7,3.6,86.6,75,99.2,0,DevOps Engineer,Unlikely,24.3
85.7,80.9,17.3,72.9,76.5,75.5,2.2,QA Engineer,Likely,65.1
69.9,56.7,100,74.2,91,69.4,10.5,Full Stack Developer,Likely,69.8
100,100,21.7,100,58.8,100,2.9,Frontend Developer,Likely,92.1
59.8,60.2,62.5,78.7,100,67.3,6.4,Backend Developer,Unlikely,36.5
100,96.9,53.1,100,74.8,99.2,5.1,Frontend Developer,Likely,96.6
72.9,69,3.8,97.1,82,88.1,0,Mobile App Developer,Likely,51.9
47,42.3,7.6,56.8,80.7,72.1,1.3,Cybersecurity Analyst,Unlikely,6.8
71.6,77.9,93.7,73.3,82.1,72.6,9.2,Machine Learning Engineer,Likely,77
83.3,82.4,79.9,100,75.5,77.6,8.5,Frontend Developer,Likely,92.2
61.9,74.3,76.7,54.7,68.6,61.3,7.9,Full Stack Developer,Unlikely,45.3
80.7,89.2,55.7,94.2,57.9,94.1,5.9,Data Scientist,Likely,69.2
65.1,74.4,59,54.2,80.1,73.4,5.2,QA Engineer,Unlikely,27.1
76,84.1,31.4,76.8,76,71.4,3.8,Mobile App Developer,Unlikely,42.3
100,86.4,35.9,76.6,77.3,90.1,5,QA Engineer,Likely,94.1
58.9,69.8,19,77.1,92.8,94.2,3,Data Scientist,Unlikely,22.3
59.7,42.8,59.8,60.1,73.1,62.1,7.4,Cybersecurity Analyst,Unlikely,43.3
73.5,79,23.5,94.5,66.6,84.2,1.3,DevOps Engineer,Likely,63
88.3,96.6,73.5,91.8,51.7,87.5,6.5,Database Administrator,Likely,79.6
65,64.5,65.6,98.3,81.9,76.4,6.3,Cybersecurity Analyst,Likely,68
68.3,75.3,100,73.7,61.6,94.1,9.7,Frontend Developer,Likely,89.2
62.9,62.2,82.8,64.2,82.2,64.2,8.8,Machine Learning Engineer,Likely,68.6
64.6,64.4,47.9,82.3,73.3,68,5.3,Cloud Engineer,Likely,64.1
86.7,90.7,0,68.5,78.3,84.2,0,Cybersecurity Analyst,Unlikely,39.3
69,54,80.7,66.5,96.7,61.9,8.3,Data Scientist,Likely,47.5
65.6,72.4,18.7,76.2,82.1,69.7,1.3,Data Scientist,Unlikely,9.9
94.8,100,45.3,100,56.5,91.2,4.4,Machine Learning Engineer,Likely,98.4
70.7,67.7,19.7,70.5,84.5,65.9,1.7,Data Scientist,Likely,61.9
93.1,94.2,27.3,100,62.7,96,2,Full Stack Developer,Likely,92.3
80.7,77.8,71.1,92.8,77.5,77.2,6.4,QA Engineer,Likely,81.1
84.3,96.6,19.7,99.5,57.5,73.8,2.2,QA Engineer,Likely,67.8
72.5,70.6,69,83.6,90.3,85.8,7.9,Full Stack Developer,Likely,96.6
48.6,60.5,50.2,89,75.2,63.3,6.4,Mobile App Developer,Unlikely,21.8
42.5,45,58.2,45.4,91.8,58.7,7,Machine Learning Engineer,Unlikely,19.8
76.8,78.7,100,71.9,74.8,63.5,12,Python Developer,Likely,84
68,73.8,71.1,78.8,73.5,80.1,6.6,DevOps Engineer,Likely,57.2
54.2,56.8,57.2,59.7,81.3,67.9,5.1,Python Developer,Unlikely,45.2
72.6,60.6,10.7,75.5,77,87.2,1.7,Data Analyst,Unlikely,33.3
58.4,66.6,77.6,55.6,69.9,70.7,7.1,Cloud Engineer,Likely,56.4
61.6,49.6,11.9,62.8,66,54.1,1.6,Python Developer,Unlikely,7.5
89,100,51.9,93.7,53,84,5.6,Backend Developer,Likely,80.2
69.6,80,18.3,96.9,75.2,74.9,1,Cybersecurity Analyst,Unlikely,35.4
96.3,81.2,39.8,90.1,81.2,96.4,4.5,Cloud Engineer,Likely,79.4
60.1,64.2,68.8,67.8,88.7,53.6,6.1,DevOps Engineer,Unlikely,32.4
35.4,27.6,63.1,51,56.2,53.8,6.6,Mobile App Developer,Unlikely,9.4
61.6,58.5,1.1,49.6,76.7,69.8,0,Mobile App Developer,Unlikely,9.7
68.6,83.5,46.5,72.5,72.1,72.4,4.9,Frontend Developer,Likely,62.1
67.6,80,24,70.6,72.6,62,2.2,Data Scientist,Unlikely,25.9
58.1,58.8,56.5,67.5,79,61.5,6.6,Full Stack Developer,Unlikely,35.6
65.8,56.7,32.5,68.5,73.3,58.5,5.2,Machine Learning Engineer,Unlikely,20
62.7,62,50,59.3,75.3,81.9,4.3,Mobile App Developer,Likely,71.2
68.8,75.6,0.8,85.4,65.2,70.9,0,DevOps Engineer,Unlikely,9.2
68.2,69,13.8,95.2,78,83.8,3.1,Data Scientist,Unlikely,45.1
66.8,53.3,41.2,75.3,51.3,68.1,3.7,Full Stack Developer,Unlikely,15.3
79.1,83.5,14.9,100,69.7,92.8,2.4,Cloud Engineer,Unlikely,29
62.2,43.9,23.6,67.5,67.5,74.2,3.3,Data Analyst,Likely,54.7
92.7,95.3,36.2,100,81.9,100,3.4,QA Engineer,Likely,96
87.5,73,44.3,77,72.9,72.2,3,Cybersecurity Analyst,Unlikely,36.4
100,88.9,94,100,98.9,100,8.6,Backend Developer,Likely,98.7
63.8,77.5,4.1,68.8,75.8,70,0.9,Database Administrator,Unlikely,5
74.8,97.9,21.6,85.1,67.1,91.9,2.4,Database Administrator,Unlikely,14.5
66,56.7,17.9,76,74.9,58.3,3,Data Analyst,Unlikely,14.1
69.8,61.4,69.7,76.9,81.4,67.3,7.8,Cybersecurity Analyst,Likely,73
59.9,57,47.6,56.8,65.8,72.8,5.1,Database Administrator,Unlikely,40.5
59.4,64,27.5,74.4,95.4,78,3.5,Machine Learning Engineer,Likely,57.6
87.4,70.6,21.9,67.6,62.6,97.2,2.9,Data Analyst,Likely,69.5
80.8,73.5,23.6,84.7,75.4,76.4,3.7,Mobile App Developer,Likely,52.3
100,100,52.6,96,92.9,94.9,4.9,Cybersecurity Analyst,Likely,71.5
52.5,48.2,71.9,76.6,83.1,63.7,7.5,Cybersecurity Analyst,Likely,80.3
69,56.5,61.8,71.1,95.2,77.6,6.7,DevOps Engineer,Unlikely,30.7
68.9,73,18,60.9,73.5,68.2,2.1,Data Analyst,Unlikely,27.6
83.7,82.8,66,72.5,84.9,82.1,8.4,Machine Learning Engineer,Likely,92.1
58.2,56.9,25.1,62.5,59,67.1,2,Mobile App Developer,Unlikely,2.9
86,82.9,0,72.7,100,76.6,0,DevOps Engineer,Unlikely,34.2
54.6,55.6,70.5,79.6,100,73.3,6.3,DevOps Engineer,Likely,53.7
67.6,64.2,48.1,75.5,83.2,79.7,5.9,Data Scientist,Unlikely,21.5
48.7,63.5,84.6,75.6,88.4,55.5,9.6,QA Engineer,Likely,56.6
95.1,82.5,65.5,90.1,86.3,94.1,6.8,Backend Developer,Likely,98.2
58.1,72.4,61,89,61.3,84.2,5.1,QA Engineer,Unlikely,33.4
93.9,100,45,88.2,92.2,99.8,5.3,Python Developer,Likely,89.9
66.8,69.2,48.1,66.5,72.1,70.9,4.8,Cloud Engineer,Unlikely,20.5
72.4,77.8,20.9,86.4,85.3,85,1.2,Backend Developer,Unlikely,50.1
80,76.9,15.2,86.3,67.5,80.3,1.6,Data Scientist,Unlikely,29.4
86.5,93.6,44.7,99.9,97.1,100,4,QA Engineer,Likely,86.8
67.2,76.5,52.4,58.3,35,68.3,4.7,Cloud Engineer,Unlikely,14.4
67.1,74.9,92.9,70,73.3,59.6,8.2,Backend Developer,Likely,66.8
67.6,81.1,75.2,80.8,65.9,74.7,8.8,DevOps Engineer,Likely,84.8
84.9,100,40.1,86.2,64.9,89.4,2.6,Database Administrator,Likely,86.7
61.4,67.1,9.2,54.3,76.6,67.6,2.4,Frontend Developer,Unlikely,9.2
38.5,37.2,27.5,63.7,64.8,66,3.3,Database Administrator,Unlikely,26.4
85.3,83.4,49.1,97.1,76.9,76.2,3.7,QA Engineer,Likely,85.3
74.3,74.5,91.9,79.2,95,81.6,9.5,Database Administrator,Likely,94.1
66,68.3,61.4,64.6,87.5,77.2,6.3,Python Developer,Unlikely,48.5
81.3,80.3,46.7,82.5,94.1,91.4,4.3,Data Scientist,Likely,86.6
69,63.2,41.8,87.8,67.8,77.5,3.7,Full Stack Developer,Likely,58.4
89.7,92.7,49.6,87.9,73.7,76.8,5.6,Cloud Engineer,Likely,53.1
65.1,70.7,34.7,66.3,99.8,76,2.9,Database Administrator,Unlikely,28.5
87.1,95.4,32.9,100,67.3,87.9,4.5,Database Administrator,Likely,95.5
72.5,75.2,37.1,78.9,58.6,75.2,4.5,QA Engineer,Likely,84.6
83.9,89.5,58.2,92.3,79.5,88,5.6,Database Administrator,Likely,93.1
69.3,96.1,42,81.6,54.5,82.5,2.8,DevOps Engineer,Likely,62
90.4,73,25.9,75,91.1,80.5,3.5,Frontend Developer,Likely,69.5
86.7,98.8,33.3,84.8,100,85.1,2.7,Data Analyst,Likely,91.4
69.2,70,22,67.4,81.1,77.7,3.5,Full Stack Developer,Unlikely,40.2
74,69.3,5.6,84.7,83.5,84.7,1.7,Data Scientist,Unlikely,39.9
26.6,26.4,38.4,58.5,64.5,53.4,4.2,Data Scientist,Unlikely,11.7
59.5,61.5,20.9,51.1,89.4,68.1,1.8,Frontend Developer,Unlikely,22
50.7,52.4,81.2,49.3,74.3,51.2,8.3,Database Administrator,Likely,54.6
64.7,51.1,40.4,57.8,66.6,84.2,4.7,Database Administrator,Unlikely,39.2
62.3,61.5,60.3,51.9,89.8,67.6,5.7,Python Developer,Likely,75.5
79.9,86.3,40.1,76.9,75.6,85.4,5.6,Machine Learning Engineer,Likely,84.9
79.7,93.3,61.3,100,90.3,84.2,5.8,Database Administrator,Likely,92.5
79.9,81.7,26.6,78.6,77.6,100,2.1,Frontend Developer,Likely,62
92.5,93,3.4,86.1,60.2,81.5,0,Database Administrator,Likely,61.1
62.3,57,25.2,65.9,80.6,63.6,1.5,Python Developer,Unlikely,5.4
88.5,97.8,19,96.4,88.7,89.6,2.2,Frontend Developer,Likely,69.4
38.8,36.4,92.7,30.6,56.5,51,10.5,Full Stack Developer,Unlikely,41.8
100,88.2,36.5,100,46.9,81.4,4.1,QA Engineer,Likely,83.5
88.6,78.5,31.1,84.5,89.2,87.9,3.9,Mobile App Developer,Likely,97
84.5,75.4,42.5,81,75.9,73.7,4.4,Mobile App Developer,Likely,79.4
68.2,75.7,45.2,79.6,63.1,70.4,5.3,Data Scientist,Likely,61.5
61.3,60.7,0,70.9,83.9,72.3,1.5,Data Scientist,Unlikely,2.7
80.4,71.6,8.5,73.1,86.3,85.9,0.9,DevOps Engineer,Unlikely,8.1
91.6,100,16.9,93.3,65.6,91.1,2.7,Backend Developer,Likely,87.9
75.5,58.1,37.2,67.8,83.6,71.7,3.4,DevOps Engineer,Likely,70.8
64.2,70.9,36,73.9,80.1,70.6,5.1,QA Engineer,Unlikely,47.3
76.2,61.7,11.5,70.7,58.1,74.6,1.8,Data Analyst,Unlikely,9.6
73,74,26.7,89.9,77.5,75,2.7,Mobile App Developer,Unlikely,31
88.9,88.7,53.1,100,96.6,80,4.5,QA Engineer,Likely,95.9
60,48.5,51.1,53.3,88.1,48.9,4.8,Mobile App Developer,Unlikely,17
67.5,68.6,13.8,73.9,98.3,76.6,2.4,Cybersecurity Analyst,Unlikely,31
38.3,24.1,34.3,32.3,76,39.9,5,Mobile App Developer,Unlikely,25.7
76.7,78.3,93.7,68.8,60.6,79.9,8.6,Machine Learning Engineer,Likely,84.4
66.2,63.3,67.7,69.4,84.5,76.5,5.8,Cybersecurity Analyst,Likely,80.7
69.9,60.2,62.6,72.7,70.7,65.9,6.6,Cybersecurity Analyst,Likely,74.6
79.3,78.2,30.3,91.5,47.3,76.4,2.5,Database Administrator,Likely,90.8
69,72.2,13.5,46.1,73.6,53.1,1.3,Python Developer,Unlikely,30.5
68.8,88.7,30.4,82.5,61.4,76,2.8,DevOps Engineer,Likely,51.2
65.6,35.6,17.8,78.8,81.2,63.4,2.2,Data Analyst,Unlikely,38.6
85.8,79.2,52,94.4,87.7,94.5,5.1,Cybersecurity Analyst,Likely,54.8
57.8,29.3,76.7,60.6,57.6,53.4,6,Mobile App Developer,Unlikely,21.6
66.2,68,0,81.1,70.9,71.1,0,Data Analyst,Unlikely,10.7
86.5,62.8,21.7,100,76.3,81.5,1.7,Backend Developer,Likely,57.7
85.9,91,50.9,87.9,76.4,87.9,4,Machine Learning Engineer,Likely,67.1
63.7,54.3,90.2,80.4,82.4,75.1,7.8,Database Administrator,Likely,58.2
81.9,66.2,22.7,80.9,84.1,82.7,2.5,Frontend Developer,Unlikely,25.9
57.9,59.3,64.5,43.1,58.9,55.5,5.9,DevOps Engineer,Unlikely,41.4
88.9,74.2,40.8,97.8,77.4,94.4,3.9,QA Engineer,Likely,81
47.5,63.8,32.6,43.2,70.1,47.8,3.5,Data Scientist,Unlikely,6
50.9,57.7,12.8,60.9,55.9,56.5,0.2,Cybersecurity Analyst,Unlikely,7.6
61.7,50.8,99.3,66.5,95.2,69.3,9.2,Frontend Developer,Likely,65.5
44.7,38.8,100,65.8,68.4,62.1,13,DevOps Engineer,Likely,70.9
100,82.5,34.6,70.6,79.9,87.7,4.8,Full Stack Developer,Likely,72.3
78.9,86.9,75.6,92.2,80.6,94.9,6.6,Backend Developer,Likely,89.6
64.3,61.1,61.1,64.9,75.7,85.8,5.7,Frontend Developer,Likely,88.1
88.5,92.4,7,93.3,73.8,90.9,1.8,Machine Learning Engineer,Likely,69.3
98.9,100,12.6,78.4,93.2,92.1,2.9,Database Administrator,Likely,73.5
56.2,62,34.9,56.7,74.5,59,2.5,Machine Learning Engineer,Unlikely,10.4
73.1,78.2,0,87.7,59.7,81.9,0.1,Backend Developer,Unlikely,12
59.5,53.5,100,57.8,62.4,66.9,10.8,Cybersecurity Analyst,Likely,71.4
67,75.6,58.4,86.6,74.3,71.4,6,Data Scientist,Likely,53.6
47.4,51.2,33.1,70.4,67,68.3,3.5,Cybersecurity Analyst,Unlikely,47
90.5,82.3,75.3,98.6,100,91.7,7.2,Frontend Developer,Likely,89.4
40.5,47.1,59.8,58.2,64.9,56,6.8,Python Developer,Unlikely,5.3
81.7,85.9,2.4,69.9,84.4,92.7,0,Data Analyst,Unlikely,20.6
65.5,55.5,70.1,67.5,76.5,57.6,6.3,Backend Developer,Unlikely,48.1
90.8,78,37,88.9,73.1,87.1,4.6,Database Administrator,Likely,59.7
92.7,81.7,33.6,77.5,83.7,80.5,3.5,Python Developer,Likely,65.3
76.1,58.8,13.9,56.4,76,63.6,2.3,DevOps Engineer,Likely,71.3
60.9,65.2,0,87.8,81.7,76.9,0,Database Administrator,Likely,54.1
78.4,100,34.8,89.3,89.9,76.2,3.7,Full Stack Developer,Unlikely,32.4
65.8,67,76.2,60.6,100,55.6,6.4,Frontend Developer,Likely,61.6
100,100,23.2,96.5,80.2,100,2.1,Mobile App Developer,Likely,93.7
68.2,55.1,43.5,77.9,100,69.2,5,Machine Learning Engineer,Likely,57.6
31.5,28.7,91.5,32.2,82.5,39.5,7.6,Backend Developer,Unlikely,22.5
51.2,46.9,82.4,69.5,52.7,69.7,7.2,Mobile App Developer,Unlikely,19.9
86,100,26.3,75.9,70.9,92.9,2.8,Python Developer,Likely,60
80,63.1,33.7,88,89.9,66.3,4,Data Scientist,Likely,61.3
66.9,72.1,70.7,66.3,76.6,66.2,5.6,QA Engineer,Unlikely,32.4
40.9,40.9,0,43.7,86.5,53.2,0,Full Stack Developer,Unlikely,3.1
63.6,63.6,49.7,73,87.1,72.5,4,Cloud Engineer,Likely,72
83.1,70.4,94.3,99.6,66.5,100,9.3,Python Developer,Likely,98.9
57.2,57.3,0,51.4,85,68.3,0.4,Full Stack Developer,Unlikely,5.2
79.8,80.4,0,82.5,60.3,85.6,0,Frontend Developer,Likely,67
73.1,70.7,64.1,70.2,62.9,74.2,7.2,Cloud Engineer,Unlikely,46
72.2,100,8.5,83,86,87.3,0,Python Developer,Unlikely,30.4
59.9,53.8,0,52.9,63.3,69.7,0.6,Frontend Developer,Unlikely,9.9
67.7,74.9,87.7,92.2,58.1,64.8,8.7,Frontend Developer,Likely,84.2
84.8,66.2,50.7,100,69.7,89.2,4.6,Data Scientist,Unlikely,40.7
75,61.5,27.4,70,62.4,77,1.8,Backend Developer,Likely,58.5
62.3,44.6,83.4,66,87.9,70.4,9.4,Full Stack Developer,Likely,63
76.3,78.8,27.3,75.3,74,84,2.2,Cloud Engineer,Unlikely,33.6
56,51.9,12,65.2,65.3,60.3,0.4,Cloud Engineer,Unlikely,29.6
68.6,71.2,43,96.1,69.9,85.7,5.3,DevOps Engineer,Likely,82.1
96.7,91.4,39.4,79.8,60.2,96.3,3.3,Cloud Engineer,Likely,51.9
65.8,63.5,70.8,80,72.2,78.7,6.5,QA Engineer,Likely,87.2
56.7,43.1,4,59.8,80.9,67.9,0.1,Data Scientist,Unlikely,11.1
56.6,60.3,18.4,54.3,71.9,50.9,1.4,Cybersecurity Analyst,Likely,51.5
47,55.8,41.4,91.7,79.9,64.3,4.3,Backend Developer,Unlikely,32.1
82.7,93.4,70.8,76.3,63,84.3,7.1,Machine Learning Engineer,Likely,87.3
72.6,66,58.4,77.3,78.3,74.9,5.5,Database Administrator,Likely,85
53.4,49.3,57.6,58.8,89.9,74.1,4.6,Full Stack Developer,Likely,68.1
60.1,68.2,96.6,80.7,74.9,59.1,8.9,Cloud Engineer,Likely,71.1
84.8,94,75.3,78.7,98.1,100,7.1,Database Administrator,Likely,91.7
68.2,64.2,32.4,58.6,92.7,65,3,Data Scientist,Unlikely,43
78.2,80.7,33.5,93.7,97.5,83.5,4,Python Developer,Likely,64.3
48.6,59.9,65.6,74.6,65.3,62,5.9,Cybersecurity Analyst,Unlikely,20.9
79.4,82.2,51.5,74.2,76.5,89.3,5.7,QA Engineer,Likely,95.2
79.1,76,31.5,89.5,87,84.1,3.6,QA Engineer,Unlikely,40
54.1,69.6,0,64.7,55.7,73.3,0,QA Engineer,Unlikely,16.1
77,81.7,55.9,63.2,64.1,85.9,5.7,Database Administrator,Likely,71.6
89.9,84.6,24.2,99.4,66.8,95.8,3,Full Stack Developer,Likely,64.5
32.2,27.6,87.8,39.7,72.3,35.6,9.2,Machine Learning Engineer,Unlikely,7.1
67.7,63.4,48.7,77.7,100,65.6,6.1,Backend Developer,Likely,64.9
62.7,51.8,40.7,82.3,66.4,59.8,4.6,Mobile App Developer,Unlikely,8.1
60.5,62.9,74,67.4,69,69.1,6.2,DevOps Engineer,Likely,80.9
63.9,64.7,58.1,68.4,94,67.9,7.4,QA Engineer,Likely,91
86.6,81.2,36.6,100,71.8,100,4.2,Python Developer,Likely,92
70.5,69.7,67.9,75.6,100,79.6,6,Python Developer,Likely,68.1
90,100,38.3,100,83.2,90,5,QA Engineer,Likely,88
48.2,54.3,81.3,73.7,73.5,71.3,8.3,Mobile App Developer,Unlikely,25.7
69.2,53.7,29,68.9,72.9,69.7,3.1,Python Developer,Unlikely,41.6
49.8,51.3,2.5,52.8,91.5,67.7,1.4,Python Developer,Unlikely,6
50.9,58.6,32.7,67.6,86.8,60.7,4.5,Full Stack Developer,Unlikely,45.4
86.6,71.2,94.1,99.4,58.6,75.7,9,Python Developer,Likely,93.5
70.2,66.7,60.9,67.6,76.9,80.8,7,Data Scientist,Likely,78.5
100,93.6,30.4,100,79.1,90.1,3.8,Machine Learning Engineer,Likely,95
85.6,90.5,16.2,100,71.6,87.5,2.1,Backend Developer,Unlikely,48.7
90.9,100,71.6,92.7,60.5,100,6.9,Mobile App Developer,Likely,91.3
96.6,91.1,31.9,99.8,90.6,82.5,3.8,Full Stack Developer,Likely,88.2
95.5,100,6.6,100,68.7,100,1.2,Cybersecurity Analyst,Likely,80.7
66.9,61.5,37.9,77,78.6,79.8,4.3,Cloud Engineer,Unlikely,27.2
57.5,63.5,2.8,61.2,66.5,53.1,0,Machine Learning Engineer,Unlikely,7.6
66.1,77.4,63.4,71.5,70.9,74.2,6.3,QA Engineer,Unlikely,44
83.9,96.3,37.1,87.1,77.4,100,2.9,Database Administrator,Likely,60.1
79.4,65.7,58.9,85.6,84.1,76.2,6.9,Backend Developer,Likely,87.7
88.4,76.4,98,87,74.1,89.8,9.1,Database Administrator,Likely,98.9
75.9,75.3,77.3,73.1,88.9,76.9,7.7,Data Scientist,Likely,88.6
69.4,77.9,71,74.9,58.1,77.6,6.6,Data Analyst,Likely,75.6
52.3,44.3,29.4,55.4,78.9,59.7,3.2,Data Analyst,Unlikely,2.2
70.8,90.5,10.2,96.5,100,84.1,0.6,Python Developer,Likely,64.9
61.9,65.4,100,64.7,79.3,57.4,9.5,Database Administrator,Likely,89.5
54.9,39.6,25.3,62.5,72.9,64,2.6,Frontend Developer,Unlikely,8.6
68.1,77.7,68.5,82.9,85.1,76.5,7.8,Frontend Developer,Likely,93.7
87,90.7,13.4,100,59.6,95.1,1.4,Cloud Engineer,Likely,96.1
80.3,100,31.3,83.5,69.6,63.2,3.4,Cloud Engineer,Likely,66.5
41.9,49,0,59.7,78.4,61.2,0,Python Developer,Unlikely,8.7
57.6,43.2,10.2,66.4,69.2,65,1.7,QA Engineer,Unlikely,27.2
72.7,82.3,31.1,80.4,84.9,85.1,3.1,Full Stack Developer,Likely,54.5
89.9,75.7,57.2,94.6,67.8,100,5.1,Cloud Engineer,Likely,67.7
74.7,70.6,66.6,79.3,96.3,85.5,6.5,DevOps Engineer,Likely,72.3
97.8,85.5,28.2,98,65.5,96.4,2.8,Backend Developer,Likely,72.8
75.3,67.5,18.6,95.7,100,86.9,2.3,Mobile App Developer,Unlikely,45.9
80.9,81.7,52.7,86.6,57.6,81.4,6,Frontend Developer,Likely,59.9
94.5,86.3,100,85.6,76.3,95.4,12.8,DevOps Engineer,Likely,99
70.4,90.4,55.4,84.3,83.6,68.5,4.6,Data Analyst,Likely,75.9
59,51.3,43.4,75.2,69.1,66.6,5.4,Data Analyst,Unlikely,16.2
57.6,28.1,23.4,62.2,100,68.6,3,Database Administrator,Likely,70.8
100,100,84.2,100,80.8,100,8.7,Data Analyst,Likely,98.1
82.5,80.3,70.3,95.5,100,84.3,5.7,QA Engineer,Likely,95.7
49.1,52.4,19.3,65.1,82.8,73.5,2.2,Full Stack Developer,Unlikely,15.6
60.8,44.7,14.4,58.1,78.5,58.8,1.4,Data Analyst,Unlikely,1.4
81.9,86.1,35.7,87.6,73.1,83.5,3.4,Database Administrator,Likely,96.2
24.7,18.3,19.6,39.4,70.6,33.7,2.7,Mobile App Developer,Unlikely,1
73.6,83.2,22.7,77.3,57,79.5,2.5,Frontend Developer,Unlikely,48.2
73.5,72.4,33,88.5,87.6,84.7,3.2,Cybersecurity Analyst,Likely,76.5
74.3,90.3,65.2,84.8,84.8,77.1,5.8,Data Analyst,Likely,77.4
52.1,52.6,15.1,59.6,72,80.6,2.5,Backend Developer,Unlikely,17
95.3,100,67.8,100,81.3,89.6,6.7,Backend Developer,Likely,99
87.6,76.3,19.7,86.4,70.1,92.2,1.4,Mobile App Developer,Unlikely,43.8
59.5,66.5,95.3,66,79,74.8,10.3,Full Stack Developer,Likely,61
100,100,82.2,100,39.6,91.5,7.8,Data Analyst,Likely,97.3
55.2,45.5,26.3,64,50.7,51.5,3.2,Mobile App Developer,Unlikely,30.9
100,86.1,8.2,100,94,100,0,Frontend Developer,Likely,84.5
34.3,50.1,79,70.5,63.3,72.1,7.5,Cloud Engineer,Unlikely,26.8
53.9,49.4,75.9,65.6,66.5,68.7,8,Python Developer,Likely,73.8
39.1,42.8,51.5,50,70.4,68.2,4.7,Cloud Engineer,Unlikely,7
83.7,74.4,51.7,64,100,77.4,4.6,Mobile App Developer,Unlikely,28.7
71.6,54,100,80.1,66.2,72.9,12.9,Machine Learning Engineer,Likely,79.5
74.5,77.4,71.1,78.1,97.2,79.3,7.7,QA Engineer,Likely,65.5
63.9,62.2,75.2,76.4,77.3,84.4,6.5,Mobile App Developer,Likely,71.2
88.5,84.1,0,76.8,82.2,96.7,0.8,QA Engineer,Unlikely,37.9
36.7,50.6,0,49.5,94.4,60.9,0.7,Full Stack Developer,Unlikely,4.5
48,50.5,66.8,60,80,57.2,5.8,Backend Developer,Unlikely,38.8
83.2,79.7,22.9,97.8,78,78.1,1.3,Machine Learning Engineer,Unlikely,33.1
66.2,57.8,0,91.4,61.7,73.6,1.6,Backend Developer,Unlikely,19.4
62.6,50,55.1,82.7,71.5,64.7,5.6,Machine Learning Engineer,Likely,71.7
87.6,90.6,38.5,91.7,62.5,94.8,2.3,Full Stack Developer,Likely,82.3
82.2,98.4,5.7,73.6,73,80.9,0.6,Data Scientist,Likely,54.4
100,96.6,53.3,89.4,67.2,76.4,5.8,QA Engineer,Likely,90.7
70.9,75.2,86.3,55.3,83.9,66.6,6.6,Data Scientist,Likely,59.3
94,92.6,84.6,100,97.3,100,7.2,Backend Developer,Likely,93.6
59.1,51.4,61,57.7,94.8,67.1,7.4,Database Administrator,Likely,61.3
75.7,76.7,54.3,93.2,77.6,72.1,5.4,Machine Learning Engineer,Likely,94
80.5,88.9,87.6,95.2,71.9,82.7,7.9,Python Developer,Likely,97.6
62.2,58.3,55.7,75.4,100,71.7,5.3,Frontend Developer,Unlikely,38
80.6,92.7,8.5,100,70.1,100,0,Machine Learning Engineer,Likely,49.6
55.6,56.7,93.9,67.1,71.8,67.4,8.5,Machine Learning Engineer,Likely,62.6
87.9,80.4,17.2,85.2,72.7,96.3,0.5,Backend Developer,Likely,68.9
64,56.2,9.6,74,52.2,58.4,2.4,Python Developer,Unlikely,2.5
86.9,73.1,81.5,74.8,72.6,96.5,9.4,Cybersecurity Analyst,Likely,88.7
68.7,80.7,0,79.2,63.2,69.9,0.2,Data Scientist,Unlikely,11.7
92.4,95.1,21.6,80.9,89.8,90.5,2.1,Machine Learning Engineer,Unlikely,33.8
75.2,86.1,51.5,100,78.5,85.9,5.8,Full Stack Developer,Likely,93.4
44.1,37.2,38.9,38.7,91,50.9,4,Machine Learning Engineer,Unlikely,10.5
41.5,39.5,2.9,53,90.5,43.3,0.4,QA Engineer,Unlikely,7.1
61.1,64,77.5,61,77.3,65.2,8.2,Data Analyst,Likely,75.2
84.5,77.8,29.8,83.3,96.8,92.3,3.6,Python Developer,Likely,81.5
84.2,95,43.4,88.5,61,84.8,5.9,Machine Learning Engineer,Likely,92
61.7,53.7,23.9,68.6,97.1,72.5,3.1,Backend Developer,Unlikely,24.4
91.5,82.8,79,95.4,82.2,84.9,9.3,Python Developer,Likely,99
74.4,82.1,100,93,69.4,75,11.2,Data Scientist,Likely,93.1
82.2,97.8,26.8,90,79.4,76.8,2.6,DevOps Engineer,Likely,65.5
72.2,83.6,80.8,77.4,93.6,87.7,7.4,Cybersecurity Analyst,Likely,91.4
55,49.5,28.6,48.9,80.1,70.3,2.9,Data Analyst,Unlikely,20.7
75.9,68.9,28,91.5,83.5,91.7,3.7,Database Administrator,Likely,83.5
80.1,73.5,43.1,82.6,80.3,95.3,5,DevOps Engineer,Likely,51.3
86.9,90.9,29.9,88,80.1,85.9,3.6,Mobile App Developer,Likely,80.5
77.3,78.1,66.7,82.7,72.5,81.5,6.4,Machine Learning Engineer,Likely,88.2
35.3,24.3,3.7,40.3,69,37.1,0.1,Cloud Engineer,Unlikely,3.8
36.7,34.1,69,55.7,63.6,51.9,7.8,DevOps Engineer,Unlikely,34
98.5,100,55.6,89.2,97.1,100,5.2,Full Stack Developer,Likely,99
75.1,72,47.5,86.4,88.4,75.5,4.9,Frontend Developer,Unlikely,38.4
79.5,86.9,95.4,86.1,64.2,86.6,9.4,QA Engineer,Likely,95.6
70.6,70.6,22.7,70.9,66,78.4,3,DevOps Engineer,Unlikely,21.5
92.9,98.7,35.5,93.3,76.1,90.3,3.3,Python Developer,Likely,81.4
64.8,52.7,0,70.2,75.3,68,0,Full Stack Developer,Unlikely,14.6
58.6,45.5,40.2,81.9,81.4,79.4,3.4,DevOps Engineer,Unlikely,35.5
72.5,71.7,78.7,80.8,81.9,77.7,7.3,Mobile App Developer,Likely,92.4
85.3,94.5,14.9,96.4,55.5,89.7,2.6,Cybersecurity Analyst,Likely,59.3
100,89.4,25.2,100,98,100,3.5,Full Stack Developer,Likely,95.1
66.1,52,52.7,60.3,95.8,72.7,4.5,Backend Developer,Likely,65.7
43.1,36.2,45.5,39.6,74.2,44.1,4.4,Data Analyst,Unlikely,4
33.6,19.5,16.9,45.5,64,48.4,0,Database Administrator,Unlikely,3.6
63.7,68.9,59.3,67.8,79.1,71.4,5.5,QA Engineer,Unlikely,50.6
76.3,63.6,23.2,77.5,84.9,78.2,1.5,Frontend Developer,Unlikely,42.7
59.6,59.9,70.6,77.4,100,66.9,5.9,Frontend Developer,Likely,81
100,100,0,90,63.7,95.9,0.4,Cybersecurity Analyst,Likely,55.8
100,100,6.7,84.1,81.9,79.7,0,QA Engineer,Unlikely,48
54.3,56.1,91.3,48.2,63.1,65.7,8.4,Frontend Developer,Unlikely,32.5
81.8,79.4,26.2,81.1,35,73.6,3.5,Data Analyst,Unlikely,46.1
24.8,40.9,61.4,43.3,78.1,40.8,5.9,Data Analyst,Unlikely,12.5
77.9,62.8,38.9,81.9,65.5,69.6,4.4,Machine Learning Engineer,Unlikely,18.9
63.5,72,61.5,61.5,67.1,64,6.2,QA Engineer,Likely,62.1
70.4,64.1,71.6,74,79,57.1,6.4,Database Administrator,Likely,59.8
72.5,83.4,41.9,74.8,81.6,81.3,4.2,DevOps Engineer,Likely,77.5
70.1,74.3,16.7,84.3,71.2,91.9,2,Backend Developer,Unlikely,36.7
99.1,100,2.7,96,75,93,0,Full Stack Developer,Likely,83
82.4,71,39.3,89.1,84.7,78.8,3.9,Backend Developer,Likely,72.5
82.3,75.5,31.7,85.3,91.6,78.7,3.6,Cloud Engineer,Likely,80.7
91.2,85.8,51.2,85.7,94.9,81.1,4.9,Database Administrator,Likely,88.5
89.7,83.6,57.6,100,65.6,83.5,6.4,QA Engineer,Likely,93.3
73.1,74.4,98.4,86.8,97.6,79.9,11,Machine Learning Engineer,Likely,94
83.4,81.1,71,100,93.6,100,6.5,Mobile App Developer,Likely,99
100,84.7,19.5,98.8,93.1,96.5,1.3,Mobile App Developer,Likely,63.3
44.3,59.3,49.7,68.7,62.7,65.1,4.6,Python Developer,Unlikely,24.8
100,100,36.1,91.7,87.5,100,3.7,QA Engineer,Likely,81.3
61.5,55.7,68.3,63.7,87.8,68.7,6,Data Scientist,Likely,52.2
88,87.1,29.7,88.8,75.4,98.1,3.4,QA Engineer,Likely,95.4
56.8,41.5,51.4,65.3,95.2,51.3,4.9,QA Engineer,Unlikely,45.3
94.9,91.9,8.7,100,76.9,100,1.2,Cybersecurity Analyst,Likely,82.1
56.3,46.2,43.8,64,67.6,64.7,3.8,Database Administrator,Unlikely,21
77.6,65.9,57.6,68.7,86.4,71.6,6.3,Database Administrator,Likely,57
53.3,50,80.5,68.3,77.9,68.6,7.6,Machine Learning Engineer,Unlikely,41.9
87.3,89.4,44.9,81.6,99.4,82.5,5.4,Data Scientist,Likely,95
55.6,52.8,22,56.5,100,73.9,1.8,Python Developer,Unlikely,23.5
66.6,86.1,11.8,77.9,74.5,76.2,1.1,Data Analyst,Unlikely,31.7
52.1,55.5,25.4,53.9,70.6,74.9,4.1,Python Developer,Unlikely,23.6
64.7,50.6,55.6,57.3,67.9,68.2,4.7,Cloud Engineer,Likely,58.1
61.7,66.4,20.9,79.9,90.2,89.3,3.7,Cybersecurity Analyst,Likely,54.2
82.3,89.3,64,90.8,61.9,95.8,6.5,DevOps Engineer,Unlikely,41.9
64.8,54.6,11.7,60.3,94.5,61.1,2.2,Mobile App Developer,Unlikely,17.5
84.4,79.4,37,72.1,64.9,81.1,4.1,Cloud Engineer,Likely,68.3
79.7,93.5,86.1,93.6,98.1,92.5,8,Machine Learning Engineer,Likely,96.8
83.3,81.6,42.6,83,69.7,82.5,5,QA Engineer,Likely,57
89.2,81,81.8,91.7,53.9,71.8,8.1,Cybersecurity Analyst,Likely,93.8
89.8,96.6,78.4,96.4,73.9,86.1,7,QA Engineer,Likely,91.3
54.3,39.4,58.4,57.9,56.4,64.7,4.9,Cloud Engineer,Likely,57.5
79.5,94.7,32.4,96.7,72.9,97.4,1.8,Python Developer,Likely,49.4
70.4,78.7,52,71.6,68,86.9,3.9,Machine Learning Engineer,Likely,55.5
54.4,61.2,54,56.8,64.5,66,5.6,Python Developer,Likely,58.3
77.3,68.2,47.3,76.8,89.3,86.5,5.2,DevOps Engineer,Likely,48.5
73.3,70,36.4,78.2,85.9,77.3,3.6,Data Analyst,Unlikely,46.9
84.1,71.2,66.6,90.1,82.4,89,6.4,Cybersecurity Analyst,Likely,98.5
71.9,70.2,37.9,86.7,77.1,91.3,3.2,Backend Developer,Unlikely,37
76.1,75.4,0,81.3,100,80.8,0,Frontend Developer,Unlikely,40.2
57.1,69.2,74.7,81.3,81.4,84.8,6.7,QA Engineer,Likely,81
26,25.8,100,36.2,68.2,44.4,9.5,Backend Developer,Unlikely,9.3
52.9,37.9,5.8,53.1,100,52.2,0,Full Stack Developer,Unlikely,1
83.2,87.4,54.6,66.1,90.3,77.2,5.9,Backend Developer,Likely,63.2
100,100,45.3,84.7,80,84.5,4.8,Cloud Engineer,Likely,75.1
33.4,44,4.6,41.6,100,62.3,0.3,Cybersecurity Analyst,Unlikely,1.4
78.6,69,0,67.8,64.4,73.4,0,Machine Learning Engineer,Unlikely,9.5
50.5,41.9,91.7,54.6,87.1,61.8,8.4,Full Stack Developer,Likely,81.5
79.3,96.1,50.2,76.7,71,87.9,4.5,Backend Developer,Likely,86.5
46.8,36.3,74.9,53.5,69.4,58.7,7.3,Mobile App Developer,Unlikely,19.4
75.1,73.5,32.9,96.9,97.3,70.7,2.9,Mobile App Developer,Likely,73.7
59.1,66.7,47.9,69.2,84.3,49.4,4.5,QA Engineer,Unlikely,15
62.7,52.5,17,68,66,68.7,2.7,Frontend Developer,Unlikely,6.4
49.5,48.7,100,57.6,57.3,65.2,10.8,Mobile App Developer,Likely,76.3
95,100,39.8,86.7,48.9,80.5,4.9,Cybersecurity Analyst,Likely,79.7
68.7,69.5,38.6,85.6,66.4,66.1,2.5,Data Scientist,Unlikely,35.9
68.8,70.7,58.8,77.9,60.3,66.6,5.4,Machine Learning Engineer,Unlikely,46.6
79.3,69.1,53.3,83.7,66.6,75.2,5.5,DevOps Engineer,Likely,84.5
88.9,78.3,43.5,100,75.9,97.9,4.1,DevOps Engineer,Likely,91.6
61.5,70.7,65.9,82.8,100,79,7.9,Cloud Engineer,Likely,90.2
69,53,98.9,60.9,70.3,77.7,10.9,Data Scientist,Likely,74.5
85.3,65.4,65.3,71.2,97.7,84.2,5.5,Frontend Developer,Likely,69.1
86.1,87.9,75.7,77.9,80,84.1,8.1,Cybersecurity Analyst,Likely,94.3
21.2,24,39.6,27.9,100,36.9,5.3,Data Scientist,Unlikely,5
67.8,47.7,52.9,69.8,79.6,80.7,6.3,Backend Developer,Unlikely,21.9
79.9,67.6,97.3,89.7,66.1,79.2,8.5,Full Stack Developer,Likely,90.5
83.7,96.3,83.9,95.7,74,92.6,6.7,Mobile App Developer,Likely,96.2
33.4,33.5,5.9,41.2,48,37.3,0,Cybersecurity Analyst,Unlikely,3.6
50.7,43.3,59.8,68.2,78.4,59.7,6,Machine Learning Engineer,Likely,78.2
65.7,67.5,84.2,64.5,100,74.6,7.9,Python Developer,Likely,92
76,74.9,63.6,90.4,87.3,80,5.1,Python Developer,Likely,69
64,45.3,35.6,76.7,60.8,76.5,3.2,Cloud Engineer,Unlikely,21.3
68.1,67.7,43.9,88.7,90.1,69.1,4.1,Backend Developer,Likely,75.1
58,48.1,45.3,65.5,66.3,59.7,4.2,Data Analyst,Unlikely,10.8
100,100,44.5,98.8,87.3,99.6,3.8,DevOps Engineer,Likely,92.3
89.4,90.1,9.1,98.5,66.5,92.7,1.5,Frontend Developer,Likely,63.9
69.6,60.1,94.4,60.8,76.5,70.4,8.7,QA Engineer,Likely,72.9
59,74,79.1,64.6,42,53.5,8.3,Full Stack Developer,Unlikely,28.8
79.1,61.9,28.1,83.1,91.8,79.9,2.5,Machine Learning Engineer,Likely,61.6
54.9,64.4,92.1,64.6,76.9,75.3,9.3,Backend Developer,Likely,54.9
60.3,79.2,52.5,66.9,80.7,73.6,4.6,Python Developer,Unlikely,22.4
100,98.2,15.5,78.8,74.8,91,1.3,Data Scientist,Likely,83
65.1,67.4,29.3,66.3,90.7,70,1.9,Machine Learning Engineer,Unlikely,33.3
84.2,83.7,30.9,96.7,82.5,82.3,3,Data Scientist,Likely,81.8
68.4,55,97.1,57.3,70.3,67.3,9.5,Full Stack Developer,Likely,89.2
69.1,90.7,60.5,69,55.5,65.1,4.6,DevOps Engineer,Likely,83.8
75.7,96.9,19.5,96.7,75.8,84.9,2.2,Cloud Engineer,Likely,74.8
60.3,60.2,27.8,75,100,81.6,2.3,Cybersecurity Analyst,Unlikely,40.6
96.1,85.3,61.5,81,81.1,82.4,5,Mobile App Developer,Likely,78.8
78,72,32,99.4,75.8,77.1,3.7,Frontend Developer,Likely,76.8
86.2,100,6.4,89.6,81.6,91.9,0.7,Cloud Engineer,Likely,51.7
90.8,100,0,92.5,56.3,90.5,0.5,Cloud Engineer,Likely,73.4
56.5,57.6,31.4,36.9,64.9,47,2.7,Data Scientist,Unlikely,5.7
78.1,79.5,6.1,85,82.6,100,0,Python Developer,Unlikely,16.3
60.5,55.9,77.3,49.6,80.2,59.4,7.5,Frontend Developer,Unlikely,38.2
69.4,61.9,24.9,65.7,72,55.3,2.6,Backend Developer,Unlikely,26.4
87.5,92.4,33,77.2,88.3,89.9,1.3,Data Analyst,Unlikely,42.3
94.6,99.1,27.4,99.2,59.2,92.5,3.1,Data Scientist,Likely,86.2
61.5,58.4,0.8,63.7,87.4,70.2,0.7,Backend Developer,Unlikely,17.3
95.6,100,40.4,87.6,75.8,90,4.1,Frontend Developer,Likely,86.3
61.1,70.8,83.8,62.8,82.2,74.1,7.3,Data Scientist,Likely,61.4
100,100,36.8,98.2,93.8,81.1,4,Backend Developer,Likely,93.2
63.5,71.3,6,52.9,72.5,69.6,0.4,Mobile App Developer,Unlikely,5.4
69,70,18,58.3,89.6,71.5,1.6,Cloud Engineer,Unlikely,15.2
69,67.7,45.1,84.5,100,75.2,4.6,Frontend Developer,Unlikely,36
88.4,91.6,45.7,93.3,56.3,85.5,4.4,Cloud Engineer,Likely,92.9
60.5,61.8,55.4,87.2,80,78.4,6.6,Cybersecurity Analyst,Likely,65.9
61.4,60.6,96.6,85.5,78.9,71,9.6,Cybersecurity Analyst,Likely,96.1
52.7,55,60.2,69.5,66.8,47.3,6.3,Machine Learning Engineer,Unlikely,27.5
71.5,59.7,29.6,65.6,71.8,67.9,1.3,Mobile App Developer,Unlikely,20.4
81.5,54.4,23.5,84.8,76.3,68.5,2.7,Python Developer,Unlikely,24.3
63,48.7,83.6,66.6,93.7,74,7.8,Mobile App Developer,Likely,53.5
87.3,100,12.6,81.1,81.7,89.5,1.9,Cloud Engineer,Likely,61.9
56.7,41.3,17.7,58.3,68.1,54.6,1.1,DevOps Engineer,Unlikely,7.7
55.7,48.1,16.5,74.4,75.9,63.1,1.8,DevOps Engineer,Unlikely,5.8
72.3,97,66.1,75.9,63.3,81.6,6.8,Cybersecurity Analyst,Likely,78.2
87.3,100,50.7,90.5,80,100,5.9,Data Scientist,Likely,77.6
66.9,64.2,1.9,77.1,72.4,61.1,0.6,Cybersecurity Analyst,Likely,70.7
76.8,79.4,60.3,74.5,84.5,69.1,6.1,QA Engineer,Likely,90.7
48.1,49.4,40,66.9,82.9,69.5,4.6,Full Stack Developer,Unlikely,26.4
67.8,64.4,75.6,61.6,78.2,75.1,7.2,Python Developer,Likely,91.9
61,50.7,50.2,51.8,94.9,62.6,4.2,QA Engineer,Unlikely,14.9
89.7,84.1,22.8,99,77.8,78.9,2.2,Python Developer,Likely,52
76.9,95.3,68,96.1,64.2,84.9,5.7,Cybersecurity Analyst,Likely,88.2
77.2,66,99.9,80.5,82.6,80.9,8.4,Machine Learning Engineer,Likely,93.7
58.3,46.4,35.3,68.3,74.6,74.4,5,Cloud Engineer,Unlikely,20.3
92,91.3,68.7,76.4,64,97.7,7.2,Python Developer,Likely,88.4
77.9,64.6,34.3,82.6,80.3,83.6,4,Cybersecurity Analyst,Likely,64.7
81.1,70.6,96.3,100,61.4,87.1,8.3,Python Developer,Likely,72.6
75.9,73.4,0,88.3,88.3,86.9,0,Cloud Engineer,Unlikely,21.6
79.3,58.5,28.4,69.2,63.8,68.3,2.9,Python Developer,Unlikely,39.5
53.9,58.6,23.5,55.1,70.6,58.9,1.9,Backend Developer,Unlikely,26.1
93.9,100,43.4,100,82.8,93.5,4.4,Full Stack Developer,Likely,73.7
67.8,72.7,85.9,76.9,62.4,80.7,6.7,Database Administrator,Likely,94.4
100,91.6,84.9,97.8,64.8,88.4,7.8,DevOps Engineer,Likely,90.1
65.9,64.6,24.4,68.4,79.5,70.9,3.4,Python Developer,Unlikely,33.9
73.9,77.7,0,88.9,79.7,81,0,Data Scientist,Unlikely,48.7
67.6,45.6,0.3,74.7,80.9,72.3,0,Data Scientist,Unlikely,29.6
82.8,80.8,23.9,95.9,72.9,89.3,1.3,QA Engineer,Likely,85.1
100,89.9,38.2,96.9,63.2,100,3.5,Python Developer,Likely,98.5
64.2,81.6,7,91,91.6,84.6,1.8,DevOps Engineer,Unlikely,41.1
58.1,42.8,55.8,65.7,74.6,52.8,5.6,DevOps Engineer,Unlikely,47.3
73.8,78.4,38.9,78.1,88.6,83.2,4,Full Stack Developer,Likely,65.2
75.9,84.5,37.6,75.7,75.9,89.4,4.6,Cybersecurity Analyst,Likely,73.1
58.1,73,0,65.3,78.5,81.5,0,Database Administrator,Unlikely,11.3
66.6,68.8,20.3,72.8,74.1,65.2,0.5,DevOps Engineer,Unlikely,25.9
74.4,66.2,76.4,77.4,71.7,77.6,7.6,Backend Developer,Likely,87.6
77.2,61.7,52.3,94.6,55.7,75.4,5.1,Cloud Engineer,Likely,82.4
50.6,49.8,100,55.2,78.7,59.6,9.9,Cybersecurity Analyst,Unlikely,41.9
68,65.9,65,73.5,95.6,51.6,6.2,Data Analyst,Likely,74.1
65.9,74.5,65.3,79.2,57.5,77.8,8.8,Cloud Engineer,Likely,78.3
88.6,83.5,29.6,85.2,80.9,93.2,3.7,Frontend Developer,Likely,59.4
59,58.5,43.2,81.6,87.4,64,4.1,Python Developer,Likely,72
54.7,53,59.1,68.4,79.8,61.6,5.6,Data Scientist,Unlikely,28
59.6,57.3,32.1,90.3,51.7,77.2,3.1,Frontend Developer,Unlikely,10.7
67.3,74.2,45,79.3,74.6,79.5,3.6,Backend Developer,Unlikely,21.1
88.1,73,53.4,76.7,80.5,84.5,5.6,DevOps Engineer,Likely,94.5
86.7,83.8,55.1,82,88.9,85,5.2,Frontend Developer,Likely,74.4
71,73.4,53.8,86.6,62.3,85,4.7,Data Scientist,Unlikely,45.7
89.9,83.3,26.9,93.7,81.9,65.9,3.1,Mobile App Developer,Likely,86.7
80.1,100,23.1,75.9,78,91.4,1.7,Cloud Engineer,Unlikely,18.8
60.7,60.4,89.6,86.6,85.2,70.3,9.5,Frontend Developer,Likely,91.3
74,74.8,26.5,67,63.7,78.7,2.5,Cloud Engineer,Unlikely,20.8
73.1,72.1,63.4,55.4,73.2,74.1,7.4,Data Analyst,Likely,72.1
72.8,64.3,62.1,86.3,87.2,74.8,2.6,Cybersecurity Analyst,Likely,90.7
81.8,81.4,31.4,79.2,86.2,78,3.5,Data Analyst,Likely,78.1
79.3,72.2,100,87.7,93.7,84.8,9.5,Cloud Engineer,Likely,99
91,100,38.7,86,91.2,97.1,3.8,Python Developer,Likely,94.9
83.6,85.5,37.9,99,69.6,93.3,4,Database Administrator,Likely,79.7
96.1,91.7,0,86,74.5,100,1.3,Cloud Engineer,Likely,76.1
90.8,77.7,46.6,81,60.2,90,6,Machine Learning Engineer,Likely,79.4
95.9,100,25.2,91.2,51.7,87.7,1.7,Machine Learning Engineer,Likely,76.3
71.9,80.4,71.1,73.6,86.1,77.4,7.1,Cloud Engineer,Likely,64.4
79,73.4,0,92.1,70.9,83.6,0,Data Analyst,Unlikely,41.5
78.6,72.4,61.9,82.9,69.2,89.9,6.9,QA Engineer,Likely,71.7
62.9,54.9,49.6,64.4,83,70.3,4.6,Full Stack Developer,Unlikely,24
90.7,92.1,51.7,84.3,76.4,71.3,4.7,Python Developer,Likely,86.1
81.9,87.8,38.9,74.5,88,81.5,3.6,Frontend Developer,Likely,60.4
85.9,73.8,31.8,79.1,99,88,3.6,Frontend Developer,Unlikely,45.9
79,84.2,49.1,71.6,95,91,3.2,Database Administrator,Likely,89.2
21.3,23.4,44.1,37.7,60.5,37.9,3.1,Data Scientist,Unlikely,2.2
83.3,96,43.1,100,76.9,97.5,3.4,Cybersecurity Analyst,Likely,77.1
80.6,70.3,32.7,68.1,88,93.3,4,Frontend Developer,Unlikely,33.3
72.3,57.7,2.9,70.4,78.6,72.8,0,Full Stack Developer,Unlikely,8
62.5,63.8,95.7,59.7,95.3,84.6,10,Python Developer,Likely,84.2
69.3,75.3,17.7,68.4,69.7,77.3,1.1,Full Stack Developer,Unlikely,17.6
69.3,66,54.7,71.4,52.9,63.4,5.6,Full Stack Developer,Likely,64.2
52.9,61,82.4,74.4,80.7,62.9,8.3,Frontend Developer,Likely,77.7
71.2,72.8,55.2,94.2,79.2,87.8,6.4,Mobile App Developer,Likely,74.8
68,58.3,58.7,54.6,65.6,61,4.7,Machine Learning Engineer,Unlikely,31.8
42.1,38.2,53.9,47.6,76.4,32.5,5,Python Developer,Unlikely,7.4
87.5,94,75.6,98.5,89.8,79.2,8.3,Frontend Developer,Likely,82.1
75.9,74,66.5,82.5,90.9,87.8,6.8,DevOps Engineer,Likely,89.2
70.7,81.9,58.3,85,81.8,85.9,5.5,Frontend Developer,Likely,92.6
38,37,31.6,54.8,66.8,46.3,2.8,Python Developer,Unlikely,3.3
74.8,77.2,50.7,64.4,65.2,72.8,3.9,Backend Developer,Unlikely,20.1
62.1,60.4,15.9,76.7,62.1,71.9,3.2,Backend Developer,Likely,65
68.3,73,52.6,87.3,78.2,80.5,3.6,Database Administrator,Likely,88.3
68.2,84.1,55.1,78.5,76.8,71.9,5.9,Cloud Engineer,Likely,52.6
62.2,56.9,57.1,72.4,76.4,56.2,8.3,Mobile App Developer,Likely,63
93.7,88.7,51.7,100,88.2,93.4,6,Data Analyst,Likely,86
74.7,76.1,2.9,91.7,90.9,89.5,0,Cybersecurity Analyst,Unlikely,21.9
64.3,73.8,39,79.7,81.3,78.5,4.4,Data Scientist,Likely,56.5
64.7,79.3,56.6,81.7,61.2,83.5,5.4,Backend Developer,Likely,67.7
100,97.4,54.1,100,72.9,93.6,5.9,Full Stack Developer,Likely,99
95,100,48.8,100,77.5,85.5,4,DevOps Engineer,Likely,84.8
40.8,20.3,69.8,46.9,57.9,41.5,6.6,Data Scientist,Unlikely,6.5
46.3,48,67.9,70.6,87.2,46,5.6,DevOps Engineer,Likely,56
71.7,64,0,69.2,77.4,70.4,0,Full Stack Developer,Unlikely,24.8
85.4,88.7,63,98,79.7,93.4,5.9,Cloud Engineer,Likely,95.1
70.2,66.4,21.3,77.1,81,67.5,1.9,Cloud Engineer,Unlikely,12
50.9,60.7,50.1,54.9,57,66.8,4.8,QA Engineer,Unlikely,28.3
85.4,74.1,71.4,60.8,65.6,80.4,6,Frontend Developer,Likely,73
77,79.1,79.5,97.7,77,89.7,9.2,DevOps Engineer,Likely,99
65.3,62.5,0,61.5,66,67,0.7,Frontend Developer,Unlikely,17.4
85.8,87.5,67.5,93.8,60.8,78.5,7.7,Full Stack Developer,Likely,81.5
74.8,100,52.8,95.4,82.3,91.4,5.5,Backend Developer,Likely,97.2
53.5,46.7,73.4,62.5,62,63.4,7.7,Cloud Engineer,Unlikely,39.4
39.6,28.9,88.3,50.9,89.1,42.3,9.9,Python Developer,Unlikely,36.7
93.5,87.5,66.2,77,64.1,84.2,6.5,Data Analyst,Likely,96
64.3,69.5,86.3,59.4,84.2,75.6,9,Cloud Engineer,Likely,74.9
60.3,87.5,77.5,80,55.1,76.9,6.9,Mobile App Developer,Likely,87
89.8,100,25.2,96.8,58.2,100,2.7,Data Analyst,Likely,78.6
75.3,54.9,32.6,65.1,72.3,85.8,3.8,Frontend Developer,Likely,55.3
100,91.9,16.7,76.7,69.2,82.7,2.1,Frontend Developer,Likely,67
53.7,56.7,23.4,67,80.2,68.8,2.4,Frontend Developer,Unlikely,50.3
53.7,54.8,42.4,61.9,51.5,56.4,4.4,Backend Developer,Unlikely,21.6
63.5,57.8,18.9,54.2,93.8,79.7,3.7,Frontend Developer,Unlikely,24.3
86.9,81.9,14.8,80,69.3,94.2,1.3,Data Scientist,Likely,70.5
76.5,65.2,100,79.5,85.4,82.8,11.3,Frontend Developer,Likely,90.4
43.5,20.1,26.2,61.9,87.3,57.4,2.8,Cloud Engineer,Unlikely,1.6
66.8,71.6,50.4,74.5,55.1,72.2,4.7,QA Engineer,Likely,52.6
87.8,99.6,100,96.4,78.5,89.6,11.8,Backend Developer,Likely,97.2
100,92,100,92.5,83.4,100,9.1,Frontend Developer,Likely,96.8
85.5,84.5,31.6,100,91,100,3.1,Mobile App Developer,Likely,87.5
60.1,59,97.2,78.7,76.5,67.3,9.8,Mobile App Developer,Likely,74.7
80.8,71.1,37.3,76.2,80.2,67.1,4.8,Frontend Developer,Likely,67.5
76.9,59.8,13.2,79,73.6,77.1,0.7,Frontend Developer,Unlikely,34.8
98.7,96.3,17.9,100,77.9,84.7,3.2,Database Administrator,Likely,84.5
63.6,94.4,73.1,80.9,68.1,69.4,8.3,Data Scientist,Likely,58.5
100,95,32,90.7,100,92.3,4.3,Database Administrator,Likely,94.5
73.9,68.9,78.7,70.4,54.4,56.8,6.4,Machine Learning Engineer,Likely,60.6
86.9,72.7,0,98.6,68.8,100,0,Backend Developer,Unlikely,38.7
40.5,49.4,16.9,54.8,63.6,51.1,1.1,Backend Developer,Unlikely,8.6
70.7,64.9,37.1,70,74.9,90.3,3.2,Python Developer,Unlikely,16.6
54.5,43.4,55.4,44,82.2,45.5,5.7,Cloud Engineer,Unlikely,22.9
74.6,74.8,79.4,66.9,55,75.9,9.1,Mobile App Developer,Likely,84.3
90,100,27.4,97.4,80.9,91.7,2.6,Cloud Engineer,Likely,87.9
60.3,60,91.1,70.4,75.8,78.3,9.5,Frontend Developer,Likely,95.5
92.5,100,38.2,100,85.4,98,4.2,QA Engineer,Likely,97.4
59.8,52.2,37,52.8,70.8,61.4,3.4,Full Stack Developer,Unlikely,12.7
34.5,37.5,37.9,57.8,78.5,66.2,3.4,Data Analyst,Unlikely,11.2
64.9,66.8,66.8,73.7,66.9,81.1,7.5,Frontend Developer,Unlikely,38.3
93.2,79.1,55.5,76.9,78.8,93.5,6.1,Python Developer,Likely,71.5
67.9,83,8.7,90.6,49,75.5,0,Frontend Developer,Unlikely,17.7
64.9,66.4,32.2,48.3,65.9,59.6,2.1,Cybersecurity Analyst,Unlikely,1
74.3,55.4,45.1,73.9,68.7,65.8,4.3,Cloud Engineer,Likely,69.4
69,68.1,0,83.3,62.1,69.6,0,Machine Learning Engineer,Unlikely,27.3
56.6,40,74.5,51.2,91.9,60.7,6.1,Cybersecurity Analyst,Unlikely,14.5
78.7,71.9,52.2,77.3,100,78.3,5.9,Database Administrator,Likely,65
81.8,87.3,29.3,89.9,83.2,92.8,3.9,Database Administrator,Likely,79.8
62.1,71.1,36.6,91.3,79.3,77.6,2.2,Mobile App Developer,Likely,72.4
75.4,65.7,46.1,70.2,85.5,63.6,4.9,Machine Learning Engineer,Likely,67.9
79.9,74.6,74.8,90.8,75.4,82.5,5.9,Python Developer,Likely,85.3
63.8,61.5,0,68.5,100,78.4,1.7,Backend Developer,Unlikely,21.1
74.1,59,33.6,79.9,91.9,77,2.9,DevOps Engineer,Unlikely,25.4
67.7,84.4,72.1,86.6,86.5,71.8,8.3,Backend Developer,Likely,96.1
77.5,82.5,64.4,73.5,79,73.7,7.6,Data Analyst,Likely,99
76.2,70.7,26,91.3,83.1,80,2.6,Frontend Developer,Likely,64.4
65.2,57.9,100,75,90.8,55.3,10.9,Database Administrator,Likely,64.8
88.4,100,62.1,100,71.3,100,6.2,Full Stack Developer,Likely,94
81.4,100,14.1,90.8,64.3,76.5,0.1,Backend Developer,Unlikely,46.6
85,82,49.7,69.7,83.4,69.6,4.6,DevOps Engineer,Likely,91.9
62.7,71,54.5,84.7,80.2,88.3,5.1,QA Engineer,Likely,81.9
76.6,100,22.9,80.9,68.8,77.9,2.7,Frontend Developer,Likely,81.7
76.9,85,56,78,85.7,86.5,6.3,Frontend Developer,Likely,81.6
79.7,81.3,7.6,73.2,88.2,75.5,0.4,DevOps Engineer,Unlikely,34.6
63.7,64.6,100,62,100,70.3,9.7,Database Administrator,Likely,89.9
53.6,25.2,30,60.9,73.1,57.9,2.2,Python Developer,Unlikely,6.2
84.5,75.6,19.9,62.9,80.4,75.6,2.4,Full Stack Developer,Likely,59.3
78.2,78.2,62.2,74.2,67.2,73.5,6.8,Data Analyst,Likely,83.4
56,66.8,75,65.7,76.2,74,8.2,Cybersecurity Analyst,Likely,85
79.9,78.6,75.3,81.3,73,94.1,6.3,Frontend Developer,Likely,92
77.7,73.7,22.2,71.4,89.4,64.1,2.3,QA Engineer,Unlikely,37.4
94.6,96.8,66.4,100,84.5,98.4,7.2,Cloud Engineer,Likely,97.4
85.5,91.6,83.1,100,64.3,82,8.7,Cloud Engineer,Likely,77.5
98.6,100,0,93,76.3,99.2,0,Frontend Developer,Likely,51.6
89.5,100,93.4,87,86.2,96.7,9.7,Data Analyst,Likely,99
70.5,67.1,23.9,78.2,75.5,81.7,3.6,Full Stack Developer,Unlikely,46.9
72.7,94.8,71.8,77.5,88.4,73.6,7.7,QA Engineer,Likely,95.1
52.4,43.5,96.6,60.8,72.8,62.7,9.4,Machine Learning Engineer,Likely,65
59.5,68,51.9,78.5,82.2,84.4,5.2,Mobile App Developer,Likely,50
71,37.7,49.5,58.6,80.1,75.5,5.2,Database Administrator,Unlikely,29
41.4,59.2,58.2,66.6,57.1,53.7,5.9,Data Analyst,Unlikely,28.1
82.8,73.5,62.1,81.8,77.7,80.4,5,Database Administrator,Unlikely,32.9
76.5,92.3,69,76.2,75.7,78.1,5.2,DevOps Engineer,Likely,60.4
66.6,70.3,45.2,69.2,73.6,64,4.2,Python Developer,Unlikely,40.4
66.5,75.5,18.5,67.1,69.4,42.6,1.5,Cybersecurity Analyst,Likely,57
76,62.6,72.5,91.2,85.5,93.3,6,Data Analyst,Likely,88.3
58.5,75.9,31,67.5,59.1,79.5,3.9,Data Analyst,Unlikely,23.5
55.7,62.7,47.3,53.5,87.3,68.9,5.2,Frontend Developer,Unlikely,37.8
61.2,70.8,0,57.1,69.8,63.8,0,Full Stack Developer,Unlikely,5.6
78.4,80.9,40.8,83,69.4,79,4.6,Data Analyst,Likely,81.6
64.8,67.7,22.9,57.4,84.2,82.6,2.3,Mobile App Developer,Likely,82.3
78.3,74.1,69.7,90.3,71.8,92.4,5.3,Frontend Developer,Likely,74.7
71.9,71.5,49.9,80.8,72.2,70.7,6.6,Mobile App Developer,Likely,51.5
72.3,72.1,69.6,78.8,83.8,70.3,5.5,Data Analyst,Likely,83.3
58.9,65.5,58.4,61.2,66,57.9,7.1,Backend Developer,Likely,62.6
57.6,57.9,53.4,70.9,75.7,74.2,4.5,Frontend Developer,Likely,73.8
74.9,65.3,38.4,77,80.9,76.3,2.8,Cloud Engineer,Unlikely,28.6
37.9,42.5,8.3,34.6,52.7,34.5,1.8,Python Developer,Unlikely,5.8
73.8,62.8,51,57.4,62.1,75,5.2,Cybersecurity Analyst,Likely,84.3
74.2,86.1,54.2,92.8,79,85.6,5.5,Cloud Engineer,Likely,85.5
60.8,59.8,58.6,59.5,72.6,65.7,5,Cybersecurity Analyst,Likely,52.6
77.7,56.4,6.5,71.4,63.2,83.6,0,DevOps Engineer,Unlikely,28.6
100,90,69.6,88.8,66.3,91.3,7.5,Database Administrator,Likely,98.1
80.4,74.9,28.9,74.4,88.6,80.8,4,Data Analyst,Likely,50.8
77.7,92.5,24,80.8,87.9,86.7,3,Frontend Developer,Likely,54
84.3,68.1,60.8,79.2,85.1,100,5.3,Python Developer,Likely,83.6
89.9,100,49,98,76.8,100,4,Full Stack Developer,Likely,95.5
80.4,84.5,89.4,70.3,89.7,72.9,8.4,Backend Developer,Likely,86.6
95.9,93.1,2.3,81.6,81.8,93.5,0,Mobile App Developer,Unlikely,38.7
62,62.4,42.4,56,80.2,65.4,4.6,Python Developer,Unlikely,42
76.2,68.4,40.8,95,95.9,91.1,3.2,Machine Learning Engineer,Likely,60.4
69,77.4,17.9,57.2,58.8,83.3,2.2,Machine Learning Engineer,Likely,60.1
61.8,64.6,61.6,73,75.5,71.6,6.3,Cybersecurity Analyst,Likely,55.7
57.8,68.1,12.9,65.4,66,72.6,0,Database Administrator,Unlikely,39.2
81.9,98.3,58.2,74.4,41.8,83,5.6,Data Scientist,Likely,73.7
75,80.6,42.4,71.5,63.4,78,3.9,Data Analyst,Likely,64.6
70.5,56.4,57.4,61.6,92.5,58.4,5,Cloud Engineer,Likely,84.4
67.5,79.4,75.3,73.5,88.5,81.6,7.4,Machine Learning Engineer,Likely,68.7
70.9,59,69.9,64.4,73.7,63,7.5,Data Scientist,Likely,55.8
66.5,59,50.1,89.5,59.5,87.2,5.4,Full Stack Developer,Likely,62.5
72.8,84.2,77.5,100,74.6,84.5,7.7,QA Engineer,Likely,51.7
74.5,70.5,49.5,72.8,64.3,71.3,4.8,Mobile App Developer,Likely,62.8
43.3,40.4,49.7,38.5,96.7,53.3,5.2,Full Stack Developer,Unlikely,37
100,100,58.6,100,87.3,100,4.9,Data Scientist,Likely,95.1
80.1,73,50.5,84.5,70,78.6,5.1,Data Analyst,Likely,74.5
54.7,50.7,54.6,60.9,60.3,61.5,4.7,Full Stack Developer,Unlikely,29.8
68.9,93.5,41.1,62,81.6,84,3.6,Cybersecurity Analyst,Unlikely,38.3
70.4,78.5,93.8,84.9,80.3,88.1,9.2,Data Analyst,Likely,90.4
51.6,51.8,54.6,68.5,77.3,59.9,5.6,Cloud Engineer,Unlikely,27
67.1,78.5,41.2,83.5,78.6,58,4.8,Machine Learning Engineer,Likely,63.9
82.9,81.5,27.7,90.2,77,81.2,3,Python Developer,Likely,62.1
63.2,61.1,65.9,54.2,90.8,59.9,6.8,Full Stack Developer,Likely,52.2
86.9,71.1,49.3,100,88.1,84.8,5.1,DevOps Engineer,Likely,89
96.4,100,81.6,92.8,66.4,99,9.5,Python Developer,Likely,94.1
82.2,99.7,65.2,94.2,94.4,84.4,6.4,Machine Learning Engineer,Likely,90.3
70.5,57.8,20.5,77.2,89.7,78.1,1.3,Mobile App Developer,Unlikely,31.4
72,82.9,99.7,78,45.1,77.1,11.1,Full Stack Developer,Likely,90.1
47.4,44.6,13.4,46.2,70.2,50.9,1.7,Machine Learning Engineer,Unlikely,1.2
64.8,63.5,38.2,55.8,67.7,67.4,5.3,Machine Learning Engineer,Unlikely,32.7
71.6,75.7,29.1,92.1,83.3,89,3.3,DevOps Engineer,Likely,84.7
74.7,87,100,100,67.8,91.6,10.3,DevOps Engineer,Likely,96.3
72.3,79.7,31.8,76.7,94.4,93.2,3.9,Cybersecurity Analyst,Unlikely,26.7
56.1,50.6,56.5,70.5,82,66.6,5.3,DevOps Engineer,Unlikely,31
85.7,91,61.1,90.8,88.8,94.7,5.4,Cybersecurity Analyst,Likely,89.6
82.6,90.4,30.8,72.1,82.8,91,3.5,Cybersecurity Analyst,Likely,90
64.6,74.9,31.1,85.6,96.8,84.4,3.4,Mobile App Developer,Unlikely,42.1
70.5,65,55.9,86,77.5,79.2,5.6,Frontend Developer,Likely,63.5
65.8,72.9,14.4,61.4,57,76.2,2.6,Cloud Engineer,Unlikely,7.8
90.9,94.9,2.7,100,85.4,100,0.6,Mobile App Developer,Likely,89
90.2,86.7,61.7,90.5,78.8,88.8,5.1,Data Analyst,Likely,95.3
85.1,94.6,96.7,86.9,77.4,84.4,7.9,Full Stack Developer,Likely,99
85.3,94.7,43.1,90,76.8,91.5,3.3,DevOps Engineer,Likely,99
57.5,51.7,70.2,54.8,77.3,68,6.6,Frontend Developer,Unlikely,18.2
80.8,83.1,84.2,80.9,77.6,87.1,8.3,Frontend Developer,Likely,92.1
72.6,81.6,60.3,88,81.2,78.8,6.2,Cloud Engineer,Likely,78.6
74.7,81.5,45.8,93.1,84.1,83.4,4.4,Machine Learning Engineer,Likely,85.2
75,80.1,54.9,81.8,57.7,73.9,5.6,Cybersecurity Analyst,Likely,68.5
83.2,64.4,86.5,82.8,73,84.1,7.8,Mobile App Developer,Likely,94
59.7,54.6,14,62.4,100,58.5,1.6,Data Analyst,Unlikely,17.1
75.5,72.4,45,69.2,100,63.5,3.9,Data Scientist,Unlikely,43.2
35.2,53.2,59.6,55.7,83.5,56,5.4,Cybersecurity Analyst,Unlikely,26.9
66.3,64.9,50.4,85.9,76.9,73.1,6.6,Python Developer,Likely,64.7
60.5,47.7,55.5,76.7,94,68.3,7.2,Python Developer,Unlikely,11.9
91.3,94,16.5,96.6,73.5,99.9,2,Machine Learning Engineer,Unlikely,40.1
61.9,54.9,9.5,57,60.7,59.7,0.9,Mobile App Developer,Unlikely,4.6
55,65.2,7,57.4,85.9,59.9,1.5,Mobile App Developer,Unlikely,2.3
59.3,50.5,47.6,71.6,64.8,71.5,4.1,QA Engineer,Unlikely,16.4
70.4,64.4,17.4,78.4,100,65.7,1.8,Data Scientist,Likely,60.7
73.9,67.5,69.1,64.2,66,69.1,7.2,DevOps Engineer,Likely,83.4
57.1,27.4,88.5,63.5,68.1,63.4,8.3,Database Administrator,Unlikely,37.8
87.1,91.6,38.7,77.2,74.8,92.6,2.8,DevOps Engineer,Likely,58.9
61.5,57.7,28.9,71.9,64.2,78.3,2.7,Full Stack Developer,Unlikely,10.2
84.3,96.5,40.6,81.7,65.3,83.2,4.2,Backend Developer,Likely,82.2
40,33.5,22.8,43.6,87.5,62,1.8,Cloud Engineer,Unlikely,9.8
75.9,70.9,33.7,65,57.7,66.7,3.2,Frontend Developer,Unlikely,32.1
95.6,100,29.5,89.4,92.9,95.7,3.9,Full Stack Developer,Likely,80.4
69,64.6,87.1,84.4,56.7,77,8.6,Frontend Developer,Likely,91.3
54.9,46.4,50.7,68.2,79.3,54.2,4.9,QA Engineer,Likely,63.2
68.7,81.4,79,71.8,64.8,79.8,8.1,Data Analyst,Likely,77.5
66.3,60.4,49.5,75.6,58.8,68.9,5.4,Mobile App Developer,Likely,74.2
78.7,79.9,59.2,69.1,85.4,88.7,6.4,Data Analyst,Likely,61.9
90.7,80.7,1.9,100,68.9,80.7,1.1,Cloud Engineer,Unlikely,43.5
58.2,53.5,84.8,46.7,75.2,59.3,8.7,Cloud Engineer,Likely,75.4
67.7,77,27.6,85.1,54.1,70.5,0.9,DevOps Engineer,Unlikely,52.5
53.1,42.2,35.8,57.2,44.3,66.2,2.3,QA Engineer,Unlikely,4.1
56.7,50.8,39,80.6,65.5,76.8,3.2,Data Scientist,Unlikely,3.9
62.6,64.9,48.6,82.2,71.6,76.9,6.5,Python Developer,Likely,78.6
89.1,88.2,55.6,100,100,98.6,6.4,Cloud Engineer,Likely,70
100,100,0,100,66.8,100,0.2,Frontend Developer,Likely,79.6
77.1,70.4,23.5,82.2,80.5,81.3,4.1,Data Analyst,Unlikely,5.4
79.4,85,70.5,75.5,72,72.7,7.5,Data Analyst,Likely,86.2
60.9,69.7,11.4,73.7,73.6,61.3,2.1,Cybersecurity Analyst,Unlikely,31.7
67.1,77.6,16.7,82.2,76,82.1,2.2,Machine Learning Engineer,Unlikely,46.5
81.3,79,15.2,95.4,100,100,1.8,Backend Developer,Likely,55.9
87.6,100,30.3,85.4,84.4,91.6,3.5,DevOps Engineer,Likely,80.9
93.6,100,38.5,93.4,81.1,94.5,5.1,Cloud Engineer,Likely,68.8
72.2,76.4,34.6,75.4,72,73.8,1.8,Data Analyst,Unlikely,27.5
54.8,58.2,67.6,56.8,63.3,57.2,6.2,Machine Learning Engineer,Unlikely,46.3
36.5,50.2,24.6,62.1,64.3,46.3,1.5,Data Scientist,Unlikely,5.5
56.2,33.7,58.5,53.1,55,61.2,5.7,Machine Learning Engineer,Unlikely,20.7
94.3,97.4,59.6,82.6,61.6,100,4.4,Cloud Engineer,Likely,88.3
72.3,81.2,28.9,64.4,81.3,90.6,2.6,Machine Learning Engineer,Unlikely,25.9
81.6,97.8,46.9,100,68.1,97.3,5.7,Data Scientist,Likely,98
86.3,78.6,40.5,67.7,45,79.6,3.8,Mobile App Developer,Likely,70.2
78.5,76.1,26.4,63.5,84.4,67.6,2,Full Stack Developer,Likely,64.2
57.6,64,40.6,62.2,73.9,66.1,3.6,Backend Developer,Unlikely,16.2
57.9,60.6,29.5,81.7,67.9,55.9,3.9,Full Stack Developer,Likely,54.6
70.3,50.8,72.1,67.5,74.2,68.6,6.2,QA Engineer,Likely,64.5
93.3,86.2,52.4,80,62.1,78.3,5.4,Database Administrator,Likely,91.1
65.3,75.7,42.4,86.4,78.5,78,4.8,Cloud Engineer,Likely,63.2
85.5,88.6,0,90.9,77.8,86.5,0,DevOps Engineer,Likely,55.3
77.6,91.4,35.6,90.9,52.9,81.5,3.9,DevOps Engineer,Likely,61.8
58.4,55.6,50.3,62.6,64.6,77.5,4.7,Database Administrator,Likely,83.2
100,82.9,27.1,94.3,89.1,86.2,2.7,Machine Learning Engineer,Likely,81.6
60.3,55.5,58.7,77.9,65.1,62.6,5.2,Data Analyst,Likely,74.7
46.8,50.9,44.8,66.5,87.4,60.2,6.1,Cloud Engineer,Likely,60.2
85.5,78.9,17.4,82.2,44.5,68.2,3.3,Frontend Developer,Likely,62.3
82,99.8,66,98.8,98.2,100,6.1,Database Administrator,Likely,98.5
71.4,57.3,45.4,90.3,68.3,64.8,4.1,Data Scientist,Likely,65.9
73.2,73.4,63.3,59.8,82.4,63.8,6.6,Cloud Engineer,Unlikely,43.4
92.6,99.2,44.6,77.3,69.2,77.7,3.2,Cloud Engineer,Likely,78.2
67.4,71.7,41.4,71.2,93.5,69.2,4.2,Mobile App Developer,Unlikely,40.4
55.7,38.3,12.9,62.4,89.1,59.3,1.5,Machine Learning Engineer,Unlikely,1.3
67.5,61.1,76.8,73.5,74.6,78.9,8.8,Machine Learning Engineer,Likely,71.1
98.9,98.9,23.1,93.6,68,97.8,2.2,Data Analyst,Unlikely,45.8
85.4,84.4,27.9,69.3,71.7,80.2,1.9,Data Analyst,Likely,51.2
26.3,23.4,62.3,47.5,91,20,7.1,Cybersecurity Analyst,Unlikely,1
71.3,92.9,44.5,76.2,97.3,75.2,4.8,Mobile App Developer,Likely,80.5
91.3,85.8,54,80.9,88.6,92.4,5.3,Database Administrator,Likely,54.7
89.7,85.8,47.1,100,71.7,100,4.3,Mobile App Developer,Likely,54.2
59,60.9,24.6,74.5,88.5,61.2,2.3,Full Stack Developer,Likely,71.3
62.1,47,7.4,75.9,66.9,69.2,1.7,Full Stack Developer,Unlikely,8.3
85.8,86.6,73.8,77.8,94.5,84.9,7.7,Data Scientist,Likely,96.1
66.2,53,35.5,60,63.6,68.3,3.3,Backend Developer,Unlikely,24.4
59.6,48.4,100,77.6,85.4,60.9,9.4,Frontend Developer,Likely,67.9
85.8,80.7,0,100,63.6,85.9,0.7,Database Administrator,Likely,71.1
38.8,35.6,93.9,41.6,75.6,49.1,9.1,Python Developer,Unlikely,35.9
71.5,77.9,47.5,65.8,79,68.3,4.8,Python Developer,Unlikely,18
78.9,85.8,47,76.5,77.1,72.6,5,Backend Developer,Unlikely,16
65.6,67.2,36.4,60.3,62.9,61.6,4.5,Machine Learning Engineer,Unlikely,35.8
66.6,65.8,43.4,71,70.8,78.4,4.6,Cybersecurity Analyst,Likely,58.7
71.4,71.6,81.4,73.3,64.9,64.9,6.5,Cybersecurity Analyst,Likely,77.4
98.8,100,81,91.3,75.2,88.1,8,Data Analyst,Likely,99
86.3,70,5.2,82.2,75.4,83.8,2,Data Scientist,Unlikely,43.6
62.3,63.2,50,72.6,80.4,67.8,4.1,Frontend Developer,Unlikely,33.7
73.6,66.1,64.3,76,54.1,61,6.9,Data Analyst,Likely,60.7
61.6,58.3,98.6,72.1,83,62.2,10.1,Mobile App Developer,Likely,58.2
58.9,37.5,60.9,62.8,80.3,65.7,7.3,QA Engineer,Unlikely,39.3
87.4,72.6,54.9,89.5,66.2,76,5.4,QA Engineer,Likely,70.8
66.7,60.6,8,100,92.2,70.8,1.5,Backend Developer,Unlikely,16.1
55.9,43.8,83.8,67.9,84.2,64.8,7.7,Frontend Developer,Unlikely,42.1
83.6,98,79.7,100,61.9,78.1,7.5,DevOps Engineer,Likely,94.4
64.9,85.4,39.1,77.4,58.1,85.5,2.2,Full Stack Developer,Unlikely,52.1
74.2,82.1,60.4,80.6,69.4,77.7,6.4,Cybersecurity Analyst,Likely,60.2
74.6,90.7,87.9,88.4,84,81.4,8.3,DevOps Engineer,Likely,90.2
67.6,56,0,80.1,92.3,84.8,0,Machine Learning Engineer,Unlikely,9.8
85.1,82.2,25.5,96.4,78.7,82.5,2.2,Database Administrator,Likely,74
58.3,51.6,32,70.5,63.8,74.6,1.8,Full Stack Developer,Unlikely,25.1
65,70.2,43.6,79.5,63.8,82.2,3.8,Backend Developer,Unlikely,41.5
88.9,83.6,25.1,93.6,100,98,3.4,Machine Learning Engineer,Likely,69.1
71,73.4,47.6,75.4,79,85.6,3.7,Data Scientist,Unlikely,47.9
59.7,46.9,9.2,77.9,96.1,73.5,2,Full Stack Developer,Unlikely,44.9
61.8,56.2,90.6,92.5,81.7,76.7,9.7,Mobile App Developer,Likely,95.8
73.4,74.1,50,83,70.3,80.3,6,Cybersecurity Analyst,Likely,82.1
56.9,47,18.4,60.9,63.6,63.8,1.9,Database Administrator,Unlikely,46.7
78.4,70.9,25.9,79.7,90.5,86.5,3.7,Full Stack Developer,Likely,82.9
78.8,79.2,0,85.9,48.3,88.2,0.5,Python Developer,Unlikely,37.5
52.8,57.3,51.5,62,71.6,64.9,6,Cloud Engineer,Unlikely,20.3
80.6,77.4,13.8,68.1,76.5,66.5,1.2,Mobile App Developer,Unlikely,37.5
57.2,57,35,76.3,69.6,57.8,5.5,DevOps Engineer,Likely,52.6
66.2,49.4,100,63.8,93.3,61.3,10.2,Full Stack Developer,Likely,81.1
72.6,73.8,54,75.8,54.3,77.9,6.2,Frontend Developer,Likely,75.8
64.8,57.9,0.8,90.6,79.6,76.3,0,Python Developer,Unlikely,26.7
80.3,77.7,39.1,81.1,70.7,80.5,2.7,QA Engineer,Likely,61.2
75.1,77.8,52.9,77,100,88.3,5.4,Machine Learning Engineer,Likely,83.3
71.1,82.9,54.1,73.8,67.8,69.4,5.5,Full Stack Developer,Likely,54.1
56.6,36.5,41.7,62.9,60.4,68.4,3,QA Engineer,Unlikely,39.7
63.7,64.7,28.6,68.1,78.9,66.5,3.2,Frontend Developer,Likely,54.1
87.4,94.5,93.5,80.7,71.3,97.6,9.7,Mobile App Developer,Likely,75.9
79,70.7,27.8,100,89,97.3,2.4,DevOps Engineer,Likely,65.5
81.5,71.5,23.2,76.7,95.9,66.5,2.7,QA Engineer,Likely,58.8
77.2,85.4,50,83.9,76.8,80.5,4,Mobile App Developer,Likely,81.8
58.5,64,31.3,72.4,68.5,75.7,4.4,Data Scientist,Unlikely,36.3
62.5,62.3,0,63.7,91.7,63,0,Data Analyst,Unlikely,14
73.2,97.6,48.5,76.3,69.6,97.5,5.3,Data Analyst,Likely,73.9
68.2,54.1,30.5,63,73.9,71.5,3.3,Frontend Developer,Likely,68.4
87.3,87.9,60,92.2,87.8,87.8,5.1,Python Developer,Likely,97
29.8,29.9,61.6,33.7,77.1,35.3,5.4,Backend Developer,Unlikely,6
73.6,69.1,17.5,83.5,71.8,60.8,1.8,Cloud Engineer,Likely,58.8
75.2,73.3,0.2,80.4,84.3,74.2,0,Cloud Engineer,Unlikely,16.4
64.8,64.6,51.2,60.6,67.9,52,4,Cybersecurity Analyst,Likely,62.6
87.7,89,21.2,81.6,54.7,84.1,3.2,Full Stack Developer,Unlikely,33.6
94.2,83,45.9,90,39.4,84.7,3.2,Database Administrator,Likely,69.3
74.5,67.5,43,88,56.9,78.4,4,QA Engineer,Likely,84.6
54.4,77.4,88,85.1,70.8,74.3,9.7,Full Stack Developer,Likely,78.7
58.6,72.3,43.6,76.9,87.6,78.3,4.9,Mobile App Developer,Unlikely,31.6
85.1,93.7,27.3,93,72.8,100,2.9,Backend Developer,Likely,85.2
79.5,80.3,38.4,73.9,77.4,80.9,3.7,Mobile App Developer,Unlikely,32.3
100,100,74.8,100,58.9,99.9,7.7,Database Administrator,Likely,97.5
80,86.6,63.5,79.5,68.7,72.9,5.7,Backend Developer,Likely,86.1
88.6,73.4,0,92.6,91.6,85.3,0,Python Developer,Unlikely,41.7
91,100,91,85,70.7,91.1,8.4,QA Engineer,Likely,94.6
79.7,69.6,32.4,86.1,84.6,88.6,5,Machine Learning Engineer,Likely,63.5
25.4,30.6,0,13.3,86.6,37.1,1.1,Data Scientist,Unlikely,4
55.3,59,37.7,64.7,77,58,3.4,Data Analyst,Unlikely,39.2
63.5,61.6,69.5,78.3,76,71.1,7.4,Machine Learning Engineer,Likely,73.7
61,72.6,64.6,60.8,100,84.5,7.5,Mobile App Developer,Likely,72.3
48,48.4,62,50.4,95.7,47.3,6.7,Cybersecurity Analyst,Unlikely,3.5
56.1,44.9,24.1,44.8,76.3,71,2.4,Mobile App Developer,Unlikely,12.2
80.1,91.2,74.9,93.3,71,79.4,7.6,Data Analyst,Likely,88.8
76.5,71,39.8,82.7,68.7,77.1,2.8,Data Analyst,Likely,82.9
63.9,69.3,2.7,75.4,80.3,74.7,0.4,DevOps Engineer,Unlikely,24.7
60.3,50,63.4,63.8,93.8,65.1,5.8,QA Engineer,Unlikely,44.5
64.3,63.4,59.4,76.5,73.5,70.7,5.2,Data Scientist,Likely,70.7
72.9,61.5,59.5,86.3,89.7,68.6,5.5,Frontend Developer,Likely,53.1
56.8,50,30,72.7,81.9,76.8,2.3,Python Developer,Unlikely,15.3
92.8,100,39.6,89.4,72.9,88.1,4.3,Data Analyst,Likely,90.7
89.2,97.9,12.3,90.7,96.4,97.9,2.2,Data Analyst,Likely,87.1
70,65.1,70.4,74.4,82.6,79.2,7.5,Database Administrator,Likely,88.7
77.1,73.8,38.2,65.7,80.2,89.8,4.2,Python Developer,Likely,60.3
68.9,71.9,35.2,66.9,75.2,76.8,5,Python Developer,Unlikely,11.6
94.8,93.9,28.1,92.7,85.9,91.3,2,Data Scientist,Likely,79.1
61.5,55.6,66.4,99.1,89.7,80.4,8.3,Backend Developer,Likely,81.9
73.3,34.9,75.3,61,70.8,62.7,8,Machine Learning Engineer,Likely,66.7
89.2,89.2,80.7,85.5,73.6,100,6.9,Data Analyst,Likely,94.1
55.1,51.7,50.6,67.8,70.6,63.4,4.3,Database Administrator,Unlikely,23
64,60.6,79.5,84.1,63.1,70.3,7.4,Machine Learning Engineer,Likely,85.7
80.4,85.7,28.3,60.4,85.2,79.6,2.7,QA Engineer,Unlikely,48.2
56,65.9,38.6,74,61.4,70.9,3.9,Frontend Developer,Unlikely,37.9
46.4,61.3,100,57.5,61,50.3,10.3,Machine Learning Engineer,Unlikely,20
100,99,31.1,99.1,57.7,94.7,3.7,Cloud Engineer,Likely,94.1
80.4,73.8,10,78.1,71.4,97.1,1.6,Cloud Engineer,Likely,70.3
73.5,69.5,0,85.5,100,89,0,Database Administrator,Unlikely,42.6
81.3,85.9,76.2,71.9,75.1,77.6,8.1,Data Analyst,Likely,76
62.4,63.8,54.8,79.9,82.4,70.7,4.7,Full Stack Developer,Likely,70.6
75.6,62.1,24.9,70.9,63.7,85.2,1.1,QA Engineer,Likely,57.5
82.7,67.2,37.2,87.6,95.4,81.7,3.5,Machine Learning Engineer,Likely,87.4
88.6,82.6,100,84.5,100,83.9,9.6,Backend Developer,Likely,98.6
86.7,83,37.8,80.6,70.2,81.8,3.9,Cloud Engineer,Likely,92.6
75.1,78.6,77.3,88.5,84.9,72.8,7.8,Cybersecurity Analyst,Likely,92.9
99.1,78.7,85.4,100,80.7,97.3,8.6,QA Engineer,Likely,99
70,71,41.7,72.3,50.8,70.7,3.7,Mobile App Developer,Unlikely,9
100,100,31.3,100,62,92.8,3.9,Data Scientist,Likely,91.6
81.9,95.8,58.7,75.4,70.2,80.4,4.8,Full Stack Developer,Likely,77
63.3,56.3,45.7,54.5,83.2,58.9,4.3,Data Analyst,Unlikely,29.2
61,75.6,79.8,67.9,64.5,64.8,7.6,Data Analyst,Likely,87.8
100,95.6,70.9,100,66.9,86.5,7.7,Database Administrator,Likely,93.6
70.7,65.6,31.8,76.4,70.1,72.3,3.2,Data Analyst,Likely,72.4
75.2,69.1,28.2,64.3,77.9,78.4,3.4,Data Scientist,Likely,55
92.1,99.4,65.8,100,100,91.6,6,Data Scientist,Likely,99
80.1,76.4,49.8,92.5,66.1,88.4,3.4,Cloud Engineer,Likely,76.9
54.1,64,65.2,62.7,67.5,55.5,5.8,Cloud Engineer,Unlikely,44.9
90.5,100,24.1,90.7,76.2,96,3.4,Mobile App Developer,Likely,73.9
83,74.6,30.7,98.7,69.3,87.2,4.7,Data Scientist,Likely,71.7
60.1,59,62,65.6,76.8,62.4,6.2,Full Stack Developer,Unlikely,36.3
89.4,99.9,31.5,79.6,67.9,90.8,1.9,DevOps Engineer,Likely,52.4
76.7,80,36.9,68.2,72.8,81,3.1,Cybersecurity Analyst,Unlikely,45.2
47.9,43.7,0,63.7,82.6,61.1,0,Database Administrator,Unlikely,1.7
74.3,59,34.4,82.5,100,83.6,4.1,Cloud Engineer,Unlikely,20.7
56.3,58,74.2,76.1,70.4,82.3,8.2,Mobile App Developer,Likely,61.6
69.2,78.1,50.7,92.4,93.9,78,6.3,Frontend Developer,Likely,85.5
85.3,79,47.5,79.5,64,71.9,6.9,Full Stack Developer,Likely,72.8
75.6,89.4,59.9,74.4,84.7,83.3,5.8,Database Administrator,Likely,92.6
78.2,65.4,87.5,66.9,93.6,75.5,7.7,Cloud Engineer,Likely,87.8
87.2,84.1,20.6,88,98.5,71.4,1,Mobile App Developer,Likely,66.9
79.6,80.4,17,79,55.8,75.8,0.9,Frontend Developer,Likely,69.5
57.7,53.8,16.9,81.9,64.3,73.3,4,Full Stack Developer,Unlikely,28.6
68.6,55,24.8,71.6,72,63.6,2.2,QA Engineer,Likely,53.9
65.2,69.7,42.1,54.2,70.4,80.4,3.8,Full Stack Developer,Unlikely,21.7
57.5,42,61.1,66.9,76,59.4,5.2,Python Developer,Unlikely,19.9
54,44.9,75.7,66.5,80.4,66.7,7.3,Backend Developer,Unlikely,29.6
88.1,72.4,75.6,97.5,75.1,68.3,7.5,Full Stack Developer,Likely,91.5
76.7,76.1,43.2,76.1,79.7,86.6,4.8,Machine Learning Engineer,Likely,53.7
78.1,91.8,31.9,84.8,73.6,77.7,2.7,Mobile App Developer,Likely,86.4
73.2,85.1,4.9,83,52.2,71.8,0.7,Mobile App Developer,Unlikely,15.2
77.3,69.8,89.4,91.8,76.9,99.2,8.8,Frontend Developer,Likely,97.9
72.8,67.2,61.5,86.5,82.8,75.8,4.9,DevOps Engineer,Likely,79.5
87.1,79.7,31.2,83.2,59.6,79.5,2.1,Cybersecurity Analyst,Unlikely,53.7
85.2,100,47.3,90.6,61.5,93.3,5.6,Machine Learning Engineer,Likely,64.8
74.3,79,64.5,86.4,72.5,82.4,7.8,Mobile App Developer,Likely,90.4
100,100,56.7,100,82.5,95.5,4.8,Mobile App Developer,Likely,96.2
69.1,87.4,51.1,82.3,85.8,75.9,5.9,Data Analyst,Likely,89.2
61.3,78.8,30.3,61.5,76.6,70.5,4.3,QA Engineer,Likely,72.8
75.3,55.7,9.4,82.8,78.2,76.5,0.8,Frontend Developer,Unlikely,19.7
89.1,92.1,25.9,89.7,82.4,80.7,2.6,Machine Learning Engineer,Likely,71.2
55.5,57,66.6,64.2,72.9,68.1,6.2,Cybersecurity Analyst,Likely,53.1
44.7,33.5,78.4,47.5,78.1,56.7,8,Backend Developer,Likely,59.5
76.8,57,45.7,74.9,67.8,71.4,4.1,Database Administrator,Unlikely,37
76,85.2,15.4,89,63.8,71.3,3,Cybersecurity Analyst,Unlikely,23.8
63.2,82.5,9.8,70.7,50.3,76.7,2.3,Python Developer,Unlikely,5
68.9,75.5,63.1,66.4,87.5,74.5,5,Machine Learning Engineer,Likely,76.3
68.4,66,23.7,80.3,91.6,65.2,2.3,Cloud Engineer,Unlikely,32.6
65,59.7,11.4,49.4,66.4,60.7,1.5,Mobile App Developer,Unlikely,16.6
86.5,78.3,60.2,80.7,85.9,91.7,6.7,Cybersecurity Analyst,Likely,89.7
66.6,70.1,95.3,78.3,82,75.9,8.9,Python Developer,Likely,84.7
81.7,84.2,2.6,79.9,70,71.7,0.5,DevOps Engineer,Likely,60.4
96.9,75,53.8,100,96.1,95.1,5.8,Database Administrator,Likely,99
77.9,81.8,0,91.8,75.4,73.4,0,Python Developer,Unlikely,37.5
72,76.4,85.9,63.9,42.8,77.6,7.8,Frontend Developer,Unlikely,48.8
100,98.5,50.1,91.4,97.1,92.7,5.1,Cloud Engineer,Likely,81.5
63.6,53.3,50,54.7,98,64.4,3.7,Data Analyst,Unlikely,32
63.9,62.4,14.5,73.9,59.4,66.5,2.4,Data Scientist,Unlikely,11.2
71,80.5,21.4,73.9,65.7,74.8,1.7,Frontend Developer,Unlikely,16.3
70.7,76.3,74.7,89,72.1,72.1,7.2,QA Engineer,Likely,82.5
61,69.2,23.9,65.7,62.7,70,1.8,Full Stack Developer,Unlikely,1
100,72.3,53.8,94.3,85.8,93.5,4,Mobile App Developer,Likely,75.3
59.6,52.6,54.8,64.3,58.7,59.9,4.1,DevOps Engineer,Unlikely,46.2
64.1,61,41.2,90.4,77.6,74.7,3.6,Cloud Engineer,Unlikely,46.1
60.7,58.1,4.1,80.4,77.8,84.2,0.3,Cloud Engineer,Unlikely,46.4
46.9,60.4,31.9,45.3,60.7,66.6,2.8,Data Scientist,Unlikely,12.2
48.3,40.8,88.6,65.6,100,57.1,8.8,Machine Learning Engineer,Likely,54.9
78.1,69.9,34.8,94.4,84.7,72.6,5.4,Full Stack Developer,Unlikely,43.3
81.7,100,13.6,100,63.3,98,0.4,Python Developer,Likely,69.3
93,90.8,84.3,100,61.8,90.3,7.1,Data Scientist,Likely,95.2
36.2,15,31.7,16.2,69.5,32.5,2.8,Python Developer,Unlikely,3.8
58.9,58.2,56.8,75.2,76.2,81.2,5.5,Frontend Developer,Unlikely,56.8
69.5,60.3,35.1,74.7,87.3,64.5,4.8,Full Stack Developer,Unlikely,21.8
72.3,79.2,38.9,78.3,77.3,83.2,3.6,Frontend Developer,Unlikely,47.1
68.3,68.4,67.5,78.8,75.8,72.7,7.7,Machine Learning Engineer,Likely,89.3
84.6,66.8,93.3,78.4,92.1,80.3,8.7,Mobile App Developer,Likely,89.4
70.6,68.6,8,67.9,83.6,84.2,1,Cybersecurity Analyst,Unlikely,15.4
77,88.9,15.6,90.5,74.2,87.6,1,Python Developer,Likely,75.3
66.9,80.7,44,66.9,88.3,75.7,6.8,Machine Learning Engineer,Unlikely,40.5
81.9,62.8,43.9,73.2,93.6,74.2,4.8,Data Scientist,Unlikely,46.8
58.1,63.7,61.2,52.9,75.8,62,6.6,Mobile App Developer,Unlikely,35.1
57.8,60.3,67.8,71.3,87.3,60.9,7.4,QA Engineer,Likely,58.4
62.8,59.4,29.7,75.1,94.1,76.6,3.6,Cloud Engineer,Unlikely,40.4
64,64.6,64.2,68.6,51.3,63.9,5.7,Cloud Engineer,Unlikely,53
79.6,94.4,52.5,87.4,59.7,89,5.5,Backend Developer,Likely,89.6
76.9,76.8,93.9,82.9,70.4,68.9,10,DevOps Engineer,Likely,95.2
58.8,61.1,66.9,66.1,53.5,61.8,7.6,Cloud Engineer,Likely,49.7
67.7,67.4,100,89.4,83.8,73.3,10,Mobile App Developer,Likely,90.9
86.2,81.7,6.4,88.8,67.8,86.6,2.4,Cybersecurity Analyst,Unlikely,14
89.2,80.4,53.8,97.6,74.5,86.9,5.5,Data Scientist,Likely,93.9
92.8,100,39.9,100,67.2,100,4.6,Backend Developer,Likely,89.4
54,43.1,65.2,59.1,86.1,52.3,6.1,Machine Learning Engineer,Unlikely,32.1
20,13,24.7,26.2,73.2,46.5,2,Mobile App Developer,Unlikely,5
48.1,48.1,41.9,54.1,76.9,53.5,4.6,Data Analyst,Unlikely,6
70.4,73.7,65.2,80.8,66.4,83.5,7.2,Full Stack Developer,Likely,81.2
62.2,73.6,39.4,77,64.5,73.4,4.1,Full Stack Developer,Unlikely,33.1
27.9,30.4,31.6,33.9,74.1,53.1,3.3,QA Engineer,Unlikely,4.8
65,62.4,48.6,64.5,72.4,68.6,4.3,Data Scientist,Unlikely,44.1
76,71.1,49.7,65.9,75.9,84.2,4.6,QA Engineer,Likely,87.8
75.7,78.6,39.9,86,60.5,85.4,2.5,Frontend Developer,Unlikely,39.9
74,72.3,36.7,64.4,96.7,69,4.5,Frontend Developer,Unlikely,25.5
66.7,73.9,53.6,67.6,65.3,78.8,5,Data Analyst,Likely,54.5
73.5,66.8,5.6,92.5,72,87,0.6,Data Analyst,Likely,53.4
73.4,80.8,96.8,91.8,78.5,89.5,8.8,QA Engineer,Likely,91.7
50.7,30.8,51.3,58.8,83.6,68.6,5.4,Machine Learning Engineer,Unlikely,7.3
78.1,91.5,47.2,94.7,58.2,76.6,5.2,Machine Learning Engineer,Likely,83.1
48.6,51,49.2,69.8,93.1,56,4,QA Engineer,Unlikely,19.4
89.7,88.5,6.8,86.1,74.8,90.6,0,Backend Developer,Likely,57.8
87.9,93.2,23.9,78.1,84.9,84.6,2.3,Cloud Engineer,Likely,55.9
55.9,57.2,36.2,65.3,63.2,69.1,3.5,Machine Learning Engineer,Unlikely,20.7
77.7,85,31.4,93.1,66.8,97.9,3.1,QA Engineer,Unlikely,46.3
90.9,75.5,59.5,94.5,69.7,81.9,6,Database Administrator,Likely,92.3
87.6,100,25.2,82.8,73.4,87.6,2.7,Full Stack Developer,Likely,83.3
73.8,59.4,65.4,94.2,90,78.4,7.1,Backend Developer,Likely,94
97,88.8,91.9,81.6,80.8,73,8.8,Python Developer,Likely,99
62.7,51.2,72.1,68.4,81,70.8,6.9,Data Scientist,Likely,86.4
69.6,58.4,77.2,66,52.6,72.8,8.1,Cybersecurity Analyst,Unlikely,31.9
86.8,98.3,75.5,85.4,73.4,80.2,6.8,Cybersecurity Analyst,Likely,91.6
74.6,61.3,36.3,77,51.6,59.2,2.7,Database Administrator,Unlikely,37.9
56.5,50.9,54.7,47.9,75.8,54.7,5.1,Cybersecurity Analyst,Unlikely,15.8
82,89,100,77.9,79.2,76.9,10.5,Data Scientist,Likely,97.3
69.9,70.7,0.1,57.8,60.1,57.8,0,QA Engineer,Unlikely,2.8
63.8,65.7,60.2,64.7,78.4,88.7,7,Cloud Engineer,Unlikely,53.8
59.5,61.6,33.7,83.2,83.9,77.5,3.2,Data Scientist,Unlikely,29.5
100,93.6,71.4,100,95.9,100,7.1,Backend Developer,Likely,99
80.8,89,0,83.9,72.4,79.1,0,Data Analyst,Unlikely,31.5
71.9,70.5,44.9,68.2,88.1,78.5,4.2,Cloud Engineer,Unlikely,53.2
76.2,84,0,88.1,79.9,85.7,1,Frontend Developer,Unlikely,47.7
55.3,56.2,26.4,66.2,79.7,79,2.3,Database Administrator,Unlikely,24.4
77,79.2,81.9,84.1,95.7,87,7.6,Cloud Engineer,Likely,98.7
51.2,68.4,90.2,63,73.4,70.5,8.7,QA Engineer,Likely,89.4
51.6,53.8,71.7,75.4,92.8,81.3,7.5,Data Scientist,Likely,74.9
68.7,83.6,24.9,81.3,63.1,74,2.6,Database Administrator,Unlikely,44.5
82.3,83.1,0,92.8,78.2,96.4,0,Full Stack Developer,Likely,54.9
96.1,100,53.4,100,79.6,83.9,6.2,Database Administrator,Likely,98.2
72.7,79,21.6,76,92.3,75.1,1.3,Machine Learning Engineer,Unlikely,20.9
46.1,50.6,97.4,61.3,82.6,43.3,8.2,Database Administrator,Likely,85.6
57.8,65.6,13.9,37.4,81.2,54.3,1.7,Database Administrator,Unlikely,20.2
67.4,82.5,68.2,66,92.6,65.9,7.7,Machine Learning Engineer,Likely,80.9
79.8,80,54.8,72.6,59.8,77.1,5.4,QA Engineer,Likely,70.2
63,73.2,90.8,54.1,100,72.4,10.3,Backend Developer,Likely,63.5
81.7,95.4,64.6,79.1,70.6,77.9,5.5,Mobile App Developer,Likely,85.3
65.7,61.9,4.7,74.2,73.5,82.1,0,Database Administrator,Unlikely,5
74.9,92.9,81.4,79.5,86.5,74.9,8,Backend Developer,Likely,94.3
100,100,1.5,93.4,87.1,90.4,0,Frontend Developer,Likely,66
66.4,85.8,64.1,77.4,80.7,71.3,7.6,Cybersecurity Analyst,Unlikely,32.1
84.2,84.8,65.9,74.2,71.5,75.4,5.6,Python Developer,Likely,87.4
63.8,77.2,31.7,73.8,52.1,80.3,2.7,QA Engineer,Unlikely,1
54.6,40.2,43.6,69.3,85.7,63,4.8,DevOps Engineer,Unlikely,14.4
69.8,73.7,44.2,71,44.3,70.1,4.2,Backend Developer,Likely,74.5
61.2,70.9,34.3,68.2,81.4,66.1,4.1,Frontend Developer,Unlikely,22.5
65.7,50,0,59.4,63.6,68.8,0.3,Full Stack Developer,Unlikely,5.4
100,88,29.9,100,75.5,88.5,3.3,Machine Learning Engineer,Likely,88.1
70.5,86.6,25.9,94.6,79.5,71.1,2.5,DevOps Engineer,Likely,62.5
85.5,85.5,67,93.6,100,94.2,7.8,Data Scientist,Likely,95.6
71.7,65.9,32,73.7,88,74.9,3.5,Cybersecurity Analyst,Likely,72
77.5,70.3,56.4,80,84.5,83.8,6.3,QA Engineer,Likely,69.8
100,99.4,27.4,100,75.7,100,2.4,Full Stack Developer,Likely,91.3
87.6,80,51.2,86.3,78.1,86.3,5.5,Cybersecurity Analyst,Likely,91.7
52.3,66.2,5.5,54.9,83.4,60.4,0.7,Full Stack Developer,Unlikely,7.8
72.3,68.2,0,68.3,78.5,73.8,0.8,Cybersecurity Analyst,Unlikely,14.6
60,62.9,51.7,75.1,62.7,74.1,5.3,Data Analyst,Likely,59.9
72.2,72.1,22.3,77.3,69.5,85.1,1.8,Cloud Engineer,Unlikely,17.2
69,61.3,45.6,82.7,55.9,85.8,2.7,DevOps Engineer,Likely,72.4
52.1,47.3,9.3,67.5,100,70.4,2.8,Database Administrator,Unlikely,14.3
47.9,50.3,7.4,46.3,80.2,67.1,1.9,Database Administrator,Unlikely,7.7
81.7,87.9,12.4,92,85.7,81.9,0,Data Analyst,Likely,67.2
57.4,52.8,69.1,59.9,86.5,62,5.5,Cybersecurity Analyst,Unlikely,50.7
74.2,74.9,61,62.1,78,75.9,6.8,Mobile App Developer,Likely,86.2
82.6,94.3,39.7,93,67.5,83.5,5,Backend Developer,Likely,89.9
81.8,93.2,19.2,63.2,66,74.5,0.5,Machine Learning Engineer,Unlikely,47.6
48.4,43.3,77.3,52.1,86.5,51,7.6,Cloud Engineer,Unlikely,39.7
85.3,98.2,36.7,88,76.6,74,4.7,Mobile App Developer,Likely,92.2
59,54.9,76,57.5,89,61.8,6.9,Database Administrator,Likely,75.1
55.8,36.4,40.3,58.6,58.6,54.5,3,Mobile App Developer,Unlikely,1
39.2,37,0,60.5,83.1,59.3,0.8,Machine Learning Engineer,Unlikely,7.6
64.9,56.1,53.9,56,55,75.2,4,Backend Developer,Unlikely,28.2
59,68.5,16.5,58.8,86.7,67.4,1.1,Cybersecurity Analyst,Unlikely,42.1
54.5,39.8,19.6,53.3,92.8,61.8,2.1,Cybersecurity Analyst,Unlikely,39.3
56.2,56.2,65.4,76.9,89.3,77.5,6.7,Data Scientist,Likely,52.2
56.6,65.5,9.5,72.7,93.1,69.2,0,Cloud Engineer,Unlikely,4.2
92.5,91.5,26.4,90.7,84.1,69.9,2.1,Data Analyst,Likely,66.9
57.1,54.5,100,66.3,89,67.3,8.7,Database Administrator,Likely,57.7
78,93.7,38.7,100,57.2,69.5,4.3,Frontend Developer,Likely,77.3
57.8,49.7,40.4,60.8,90,56.9,3.5,DevOps Engineer,Unlikely,14.2
48.6,44,55.8,51.9,92.9,40,5.8,DevOps Engineer,Unlikely,42.9
65.4,73.3,0,66.6,77,66.4,0.4,Data Scientist,Unlikely,26.4
87.1,76.9,32.3,76.3,81,75.1,4.7,QA Engineer,Likely,55.4
72.1,66.3,16,62.3,64.6,69,2.4,Cloud Engineer,Unlikely,24.2
77,100,75.3,77.8,55.1,82.4,7.6,Frontend Developer,Likely,74.6
74.9,74.8,62.2,70.2,91.6,76.4,6.1,Backend Developer,Likely,72
84.2,68.8,32.1,77.2,72.9,86.2,2.7,Python Developer,Likely,66
62.5,50.5,60.3,68.7,72.3,67.3,6.2,QA Engineer,Unlikely,37.4
44,57.1,8.3,69.7,61.8,57.8,0,Backend Developer,Unlikely,2
66.6,74.8,0,70.5,94.7,75.7,0.5,QA Engineer,Unlikely,27.9
65.6,59.8,86,50,67.2,56.8,8.4,Cloud Engineer,Unlikely,47.9
83.5,79.4,19.1,78.1,63.9,68.1,2.2,Cybersecurity Analyst,Unlikely,42
71.4,87.1,6.6,81.9,72.1,80.6,0,Frontend Developer,Unlikely,7.1
81.1,73,68.9,95.1,100,89.8,6.1,Machine Learning Engineer,Likely,88.5
69.1,74,27.5,76,64.3,72.4,3.6,Cybersecurity Analyst,Likely,68.3
77.3,71.5,62.4,94.5,74.4,88.9,6.7,Cloud Engineer,Likely,90.4
53,63.5,55.4,49.6,74.1,56.8,6.1,Data Scientist,Unlikely,32.2
53.6,60.3,44.1,57.8,91.5,56.4,5.8,Backend Developer,Unlikely,25
79.4,99.5,50.8,74,65.3,71.8,4.6,Data Analyst,Likely,81.5
57.9,58.8,85,66.9,71.3,73.9,7.8,Mobile App Developer,Likely,78.1
87,82.3,74.7,92.1,97.7,83.1,6.7,Cybersecurity Analyst,Likely,89.8
93,100,20.1,93,83.8,86.6,1,Mobile App Developer,Likely,75
100,100,48.3,90.7,82.2,97.2,5.3,Database Administrator,Likely,82.2
99,100,70.8,93.2,56.7,94.9,6,QA Engineer,Likely,88.2
65.9,74.9,51.3,92.7,89.5,81.8,4.6,Full Stack Developer,Likely,56.4
77.8,64.9,64.6,60.3,60.9,68.9,6.1,Python Developer,Likely,50.5
76.9,89.9,53.1,67.5,80,74.4,6.1,Cybersecurity Analyst,Likely,49.8
43.6,47.7,5.4,40.7,90.5,48.6,1.6,Backend Developer,Unlikely,12.4
80.4,94,69.4,74.9,68.7,94.3,6.9,Database Administrator,Likely,94.5
60.6,57,94.6,64.8,71,64.3,10.2,Data Analyst,Likely,63.8
58.2,70.9,18.5,77.9,63.3,86.6,1.2,DevOps Engineer,Unlikely,32.5
53.3,35.3,66.2,52.4,42.3,49.5,6,Backend Developer,Unlikely,22.1
79.9,79.3,76.8,85.9,61.8,83.7,7.5,Data Scientist,Likely,92.7
72.5,77.6,6.3,80.3,71.9,83.3,1.8,Full Stack Developer,Unlikely,34.7
99.6,100,27,100,67.5,94.9,1.8,QA Engineer,Likely,71.1
82.8,80.7,59.6,100,77,100,6.1,QA Engineer,Likely,92.4
75.8,88.4,74.9,87.1,57.9,80.2,6.7,Data Scientist,Likely,93.6
78.9,86.6,100,84.4,64.4,77.8,10.6,Machine Learning Engineer,Likely,89.5
77.2,71.9,57.7,71.4,63.5,84.2,6.9,Data Scientist,Likely,87.5
82.7,68.9,33.3,80.7,91.4,81.5,2.2,Cybersecurity Analyst,Unlikely,37.2
100,86.1,50.7,68.4,72.5,89.3,5,Cloud Engineer,Likely,88.7
72.2,59,12.7,68.4,73.6,72.4,1.5,Frontend Developer,Unlikely,31.7
82.4,78.5,90.1,81.3,86.4,77.7,7,Cybersecurity Analyst,Likely,89.8
58.5,44.7,40.5,58.7,69,62.8,3.8,QA Engineer,Unlikely,15.4
91.1,100,9.4,75.3,76.6,100,0.7,Python Developer,Unlikely,36.9
100,78.6,23.7,100,54.7,100,2.5,Machine Learning Engineer,Likely,79
100,100,71.8,90.4,73.9,100,6.3,QA Engineer,Likely,98
59.3,60.3,13.4,72.1,92,58,0,Full Stack Developer,Unlikely,39.2
61.5,47.9,24.2,42.1,73.4,66.1,2.7,DevOps Engineer,Unlikely,17.4
68.1,77.9,12.7,75.3,69.7,67.3,2.5,Data Scientist,Unlikely,27.7
54.3,57.9,87.1,71.3,90,74.6,9,Data Analyst,Likely,65.5
97.8,94.6,91.3,100,70.4,98.7,7.9,Backend Developer,Likely,95.3
67.6,69.4,9.3,79.5,82.7,84.7,0.8,Cloud Engineer,Unlikely,17.1
69.2,61.7,18.2,79,54.9,78.8,0.8,Data Analyst,Unlikely,42.9
66,61,53.3,69.7,75.7,66.9,4,Full Stack Developer,Likely,73
80.1,69.1,3.1,100,75.9,92.7,0,Frontend Developer,Unlikely,46.8
74.5,82.7,41.9,98.3,48.4,86.1,4,Mobile App Developer,Likely,94.4
59.2,49.9,97,84.5,76.7,73.5,8.9,Database Administrator,Likely,75.4
52.1,48.3,24.1,70.1,85.2,64.9,2.8,Machine Learning Engineer,Unlikely,9
75.1,67.7,3.1,77.9,70.4,71.3,0.8,Backend Developer,Unlikely,8.2
59.6,70.6,1.7,74.1,76.7,77.5,0.5,Database Administrator,Unlikely,9.5
84.9,94.6,33.9,100,72.5,80,4.5,Mobile App Developer,Likely,98.2
80.8,86.2,36.9,89.3,77.1,67.9,3.8,Backend Developer,Likely,59.8
87.1,76.7,70.6,84.9,65,78.7,5.6,Backend Developer,Likely,64.7
84.2,71.8,39,85.7,61.1,75.5,2.9,Cybersecurity Analyst,Likely,75.1
58.8,51.6,100,73.1,65.7,60.6,10.2,Python Developer,Likely,82.7
86.7,90.1,49.8,100,74.2,100,7.3,Frontend Developer,Likely,84.4
66.7,66.2,87.6,65.3,66.8,74.3,8.6,Data Analyst,Likely,91.4
68.6,58.8,41.9,70.2,67.5,72,4.1,Backend Developer,Likely,48
47.3,58.8,39.8,62.6,84.2,55.3,4.3,DevOps Engineer,Unlikely,13.8
79.5,97.3,19,94.8,88.8,77,3.8,Mobile App Developer,Likely,74.6
64.5,67.1,32.2,93.2,72.8,75,3.3,Backend Developer,Unlikely,36.9
47.6,68.7,18.9,53.4,68,66.1,1.1,DevOps Engineer,Unlikely,18.2
64.1,61,48.3,68.7,62.6,57.3,4.5,QA Engineer,Likely,81.4
83.5,88.9,66.5,97.5,67,81,7.4,QA Engineer,Likely,96.9
84.7,82.9,59.7,96.8,64,88.3,4.1,Cloud Engineer,Likely,79.1
69.5,88.1,50.5,72.7,82.5,79.8,4.5,Cybersecurity Analyst,Likely,63.9
79.9,69.1,11.8,85.2,80.7,75.2,1.7,DevOps Engineer,Unlikely,20.9
89.4,85.7,36.2,100,100,95.4,4.6,Python Developer,Likely,95.1
63.2,77,87.7,69.1,63.5,71.4,7.8,Cybersecurity Analyst,Likely,72.6
64,69.4,36.9,76.7,68.2,84.6,3.8,Mobile App Developer,Unlikely,45.6
59.9,74.6,1.8,64.6,60.9,65.4,0.4,Database Administrator,Unlikely,5.8
25,31.5,50.3,37.7,90.6,51.4,5,Backend Developer,Unlikely,5
46,64.9,46,53.2,80,49.4,4,Full Stack Developer,Unlikely,24.5
80.7,76,33.9,64.3,53.6,69.8,3.2,Frontend Developer,Unlikely,22.7
88.8,83.4,83.5,100,67,100,8.2,Frontend Developer,Likely,94.9
86.7,96.9,23.4,81.5,85.1,99.4,2.8,Full Stack Developer,Likely,67.9
86.6,86.9,1.6,96.5,60.8,100,0.6,QA Engineer,Likely,55.6
90.6,86.6,72.3,93.6,45.4,87.5,6.5,Machine Learning Engineer,Likely,97.7
80.1,84.8,5.3,87.9,70.3,86.7,0.6,Database Administrator,Likely,61.1
66.5,89.6,58.4,82.6,81.4,60.6,5.5,Database Administrator,Likely,64.6
58.5,53,31.6,53.6,100,66.9,4,QA Engineer,Unlikely,16
65.5,66.8,35.4,65.9,90.4,83.2,3.5,DevOps Engineer,Unlikely,38.1
74.5,81.4,0,97.2,44,80.7,0.1,DevOps Engineer,Likely,55.3
83.9,98.8,0.9,73.5,100,82.5,0,Database Administrator,Likely,60.5
86.5,83.4,80.8,78.7,100,71.8,8.2,Data Analyst,Likely,83.7
67.5,66.3,37.8,66.5,68.8,64.7,3.1,Cybersecurity Analyst,Likely,54.5
92.7,88.7,16.9,94,80.6,93.5,1.4,Python Developer,Likely,82.4
44.9,48.6,32.4,63.8,95.1,68.9,2.6,Database Administrator,Unlikely,34.5
92.4,100,27.1,90.5,65.3,98.7,2.6,Cloud Engineer,Likely,53.7
56.1,50.6,29,58.6,61.3,59.9,3.8,Data Analyst,Unlikely,4.8
60.3,36.1,56.4,72.4,64.7,54.7,4.9,QA Engineer,Unlikely,33.5
55.2,48.3,68.7,74.6,66.3,70.3,6.1,Database Administrator,Unlikely,38.8
67.8,77,65.7,61.3,66.6,78.7,7.5,Cybersecurity Analyst,Likely,84.3
45.5,53,26.3,57.8,59.8,48,1.4,DevOps Engineer,Unlikely,8.2
91.6,95,36.2,94.1,84.9,75.8,2.8,Full Stack Developer,Likely,82.6
69.2,77.1,77.9,92.7,95.9,89.9,7.9,Cybersecurity Analyst,Likely,85.3
51.1,49.5,28,64.5,75.1,55.8,2.1,Data Analyst,Unlikely,18.8
70.1,70,15.4,78.9,65,86.9,0,Cybersecurity Analyst,Unlikely,4.8
33.1,44,57.4,54.8,63.3,51.5,6,Cybersecurity Analyst,Unlikely,18.9
75.5,87.7,24.9,81.2,91.3,84.6,3.1,Python Developer,Unlikely,51.2
54.3,62.6,46.8,46.5,94.8,52,5,Full Stack Developer,Unlikely,17.9
71,58.8,63.5,75.4,66.8,86.9,6.3,DevOps Engineer,Likely,95.9
86.5,93,19.4,93.7,100,95.6,1.4,DevOps Engineer,Likely,69.2
49,43.8,45,70.6,75.7,51.1,4.1,Full Stack Developer,Unlikely,37.4
75.7,82.4,48.1,75.9,57.3,70.5,5.3,DevOps Engineer,Likely,88.2
82,95.7,35.9,91.8,87.9,90.9,2.7,Data Analyst,Likely,92.1
40.7,37.6,74,58,71.1,49.2,7,Machine Learning Engineer,Likely,51.6
93.7,100,0,100,94.8,100,0,Full Stack Developer,Likely,68.1
51.7,50,32.9,64.3,62.4,74.8,4.7,Full Stack Developer,Unlikely,31.7
62.4,74.8,61.5,77.2,79.2,74.7,4.8,Data Analyst,Likely,73.2
92,90.8,32,100,80.7,96.2,3.5,DevOps Engineer,Likely,86.5
67,65.3,3.5,79.7,82.4,83.7,0.1,DevOps Engineer,Unlikely,28.8
75.1,73.6,43.8,66.6,76.5,76.3,4.2,Data Analyst,Likely,56.7
79.3,84.8,35.5,83.6,82.5,66.4,4,QA Engineer,Likely,71.4
63.6,50,38.6,74.8,88,80.4,2.3,Data Analyst,Likely,70.3
76.2,89.3,61.5,90.6,81.9,91.5,6.1,DevOps Engineer,Likely,50.7
79.5,75.7,30,90.4,64,89.5,3.6,DevOps Engineer,Likely,68.5
77.5,73.9,38.4,69.6,66,61.4,3.8,Database Administrator,Unlikely,26.5
100,100,66.6,97.4,92.8,96.2,6.3,Cybersecurity Analyst,Likely,97.6
78.5,74.3,0,86.3,90,85.6,0.5,DevOps Engineer,Likely,58.4
74.8,93.7,0,81.4,88.3,86.3,0,QA Engineer,Likely,52.8
73.4,71.5,0,80.7,72.8,76.6,0,QA Engineer,Unlikely,17.1
65.3,61.8,47.7,69.9,76.2,58.6,4.6,Database Administrator,Likely,55.7
71.7,66.4,53,69.2,89,73.7,6.2,QA Engineer,Unlikely,35.3
38.9,50.5,16.5,50,79.5,53.7,2.3,Mobile App Developer,Unlikely,6
74.2,51.1,56.5,71.3,90.3,85.6,3.5,Full Stack Developer,Likely,61.4
96.5,100,100,100,71.8,96.1,9.7,Machine Learning Engineer,Likely,99
100,100,19.9,99.5,91,95,2.9,Cybersecurity Analyst,Likely,96
83.7,71,78.3,76.5,74.2,93.1,7.4,Data Scientist,Likely,93.7
48.7,51.7,44.6,60.1,65.6,50.2,3,Full Stack Developer,Unlikely,29.3
62.5,44.1,41.2,62,65,71,3.3,Data Scientist,Unlikely,18.4
63.9,69.2,42.3,68.5,71.2,56.2,5.2,Cloud Engineer,Unlikely,19.6
58.7,51.7,41.9,64.8,73.3,63.8,4.8,Data Analyst,Unlikely,17.2
89.6,88.1,51.3,100,92.9,85.4,4.3,Cybersecurity Analyst,Likely,88.4
77.4,73.7,0.5,83.3,71,66.9,0.2,Cloud Engineer,Unlikely,17.4
100,100,66.1,100,82.7,98.5,6.5,Data Scientist,Likely,95.1
91.7,76.5,34.8,84.9,65.6,93.7,2.8,Cloud Engineer,Unlikely,43.3
64.4,56.1,15,68.7,54.1,68.5,2.6,Data Scientist,Unlikely,17.8
69.1,59.7,0,76.2,90.3,57,0,Cloud Engineer,Unlikely,4.8
86.7,71.5,76.7,83.4,72.7,88.2,6.2,Cybersecurity Analyst,Likely,89
74.4,67.6,66.3,85.9,80.3,100,6.2,Full Stack Developer,Likely,65.1
73,71.5,0,95.9,76.2,80.2,0,QA Engineer,Unlikely,33.9
75.2,76.3,52.1,67.7,58.9,56.2,5.1,DevOps Engineer,Likely,69.8
75.6,72.4,67,82.8,65.3,80.9,6.2,Data Scientist,Likely,89.6
65.6,68.1,78.2,56.5,86.7,74.7,6.3,Cybersecurity Analyst,Likely,65.7
62.9,54.5,53.8,74.5,78.6,58.3,5.8,Frontend Developer,Likely,82.1
70.5,66.6,41.6,73.7,75.1,60.6,3.9,Machine Learning Engineer,Likely,51.4
97.7,97.5,43.7,95.9,83.9,83.6,5.3,Data Scientist,Likely,91.7
71.9,81.6,61.8,84.7,75.6,68.9,6.1,Data Analyst,Unlikely,46.9
61.6,56.1,38.3,75,75.3,70.1,3.6,Full Stack Developer,Unlikely,37.3
44.4,51.4,84.8,55.2,72.2,60.6,7.8,Mobile App Developer,Likely,64.1
98.6,100,87.7,90.8,68.4,94.4,8.6,Database Administrator,Likely,92.1
78.7,78.6,50.2,76.4,83.6,74.5,4.1,Cybersecurity Analyst,Likely,66.3
63.6,56.2,10.7,67.3,59.8,60.3,0.3,DevOps Engineer,Unlikely,5.5
87.6,63.8,14.7,74.6,35.2,75.1,2.9,Mobile App Developer,Unlikely,16.1
89.9,78.6,39.8,84.7,77.3,84.9,3.9,Database Administrator,Unlikely,47.1
94.3,98.8,44.6,99.9,85.7,100,4.6,Machine Learning Engineer,Likely,90.1
88,81.3,82,91.6,79.4,87.3,8.4,Backend Developer,Likely,99
42.7,32.2,100,50.5,59.9,67.7,8.7,Python Developer,Likely,76.7
81.4,54.9,77.4,85.4,85.6,73.9,8.3,Mobile App Developer,Likely,90.6
68.9,76.3,60.8,79.2,65.3,81.5,6.3,Mobile App Developer,Likely,70.5
75.1,62.4,46.4,70.5,65.4,64.8,5.3,Python Developer,Likely,89.9
60.7,55.3,15.8,66.8,56.8,72.8,2.5,Mobile App Developer,Unlikely,18.9
52.8,39.4,54.3,57.2,71.3,70.8,5.8,QA Engineer,Likely,53
70.2,79.1,44.9,75.1,84.6,81.5,5.4,Data Analyst,Likely,74.1
65,51.9,47.3,60.4,61.8,87,5.1,Machine Learning Engineer,Unlikely,32.1
72.5,79.4,5,84.3,100,81.5,1,Full Stack Developer,Likely,53.8
84,71.7,36.7,88.8,73.2,79.8,4.2,QA Engineer,Likely,69.5
68.4,66.9,54.6,80.7,79.4,85.7,4.9,Full Stack Developer,Unlikely,36.6
100,99.9,100,95.5,49.9,91.9,10,Cybersecurity Analyst,Likely,96.1
97.9,90.2,78.5,98.9,50.4,74.9,7.7,Machine Learning Engineer,Likely,93.3
83.1,90.3,74.9,89.9,83.3,91.5,8.3,Database Administrator,Likely,81.7
76.5,73.1,44,72.4,83.5,81.5,4.4,Full Stack Developer,Likely,89.9
66.1,51.3,67.4,60.3,66,58.5,5.2,Full Stack Developer,Likely,58.5
64.2,74.6,78.9,79.8,71.3,79.4,6.4,Frontend Developer,Likely,92.1
67.9,70.7,10.9,81.9,70.2,69.1,1.9,Mobile App Developer,Unlikely,20.1
86.3,93.7,47.7,87.3,95.6,93.5,3.7,Cybersecurity Analyst,Likely,82.6
100,100,62.3,100,79.5,100,6.7,Database Administrator,Likely,95.1
74.4,78,28.5,82,100,79.5,4.5,Python Developer,Unlikely,50.1
77.6,68.6,39.9,84.8,100,92.3,3.1,Data Scientist,Likely,82.9
68.1,51.1,57.6,70.9,73.2,67.8,5.5,Cloud Engineer,Likely,61.9
100,100,47.4,96,86.8,78.3,4.2,Cloud Engineer,Likely,79.8
76.1,62.9,39.8,81.1,83.4,81.8,3.3,Machine Learning Engineer,Likely,85.6
72.5,81.2,63,84.2,75.5,73.6,6.5,Mobile App Developer,Likely,92.1
100,99.4,13.1,81.8,55.4,92.1,2.5,Backend Developer,Likely,73.3
60.8,54.1,19.7,54.5,67,56.7,0.6,Frontend Developer,Unlikely,17.7
68.8,72.6,43.1,78.6,83,66.8,4.4,Cloud Engineer,Likely,75.9
80.3,95.6,45.2,95,70.8,89.8,4.2,Frontend Developer,Likely,82.1
81.2,78.3,34.5,90,94.2,96.1,3.2,Machine Learning Engineer,Likely,65.4
87.4,99.8,49.1,86.9,71.9,93.8,4.7,Backend Developer,Likely,94.3
52.4,34,33.6,60.7,83.8,65.9,2.2,Database Administrator,Unlikely,12.4
64.3,36.5,38.4,81.4,68.4,60.5,4.4,Cybersecurity Analyst,Unlikely,40.2
75.1,74.1,36.9,86.7,77.6,79.4,5.7,Python Developer,Likely,91.4
71.3,71.9,50.8,71.1,78.7,84.6,6.9,Backend Developer,Likely,56.2
59,67.2,51.5,59.5,92.9,73.2,5.1,Python Developer,Unlikely,38
82.8,89.9,0,88,99.3,100,1,Cybersecurity Analyst,Likely,68.7
36.5,41.6,0,66.8,68.4,46.5,0,Python Developer,Unlikely,7.7
79.6,62.1,27.9,81.9,91.5,74.7,3,Data Scientist,Unlikely,40.1
56.6,61,13.9,57.1,66.2,66.9,2.6,Database Administrator,Unlikely,26.3
65.1,81.9,1.6,69.4,65,70.3,1,Cloud Engineer,Unlikely,8.8
67.2,83,57.5,86.1,80.8,76.2,5.6,Cloud Engineer,Likely,85.4
74.4,65.8,51.8,76.9,70.9,77.7,4.6,DevOps Engineer,Likely,71.6
91.2,85.2,0,91.8,78.1,100,0,Full Stack Developer,Likely,50.9
50.1,67.7,21.5,67.8,68.7,66,2.3,Cloud Engineer,Unlikely,28
78.5,70.1,31.4,91.1,83.2,98.8,2.6,DevOps Engineer,Likely,90.8
68.3,62.5,80.6,62.8,84.6,64.2,8.6,Data Scientist,Likely,49
75.8,83.5,12.7,85.9,70.6,86.9,0.4,Frontend Developer,Likely,84.6
56.2,50.5,43.8,48,76.9,50.8,4.8,Frontend Developer,Unlikely,23.6
65.3,69.7,68.6,85.3,72.3,86.5,5.8,Cloud Engineer,Likely,65.1
46.2,53.8,12,73.5,57.7,49.8,1.5,Cloud Engineer,Unlikely,12.5
73.6,68.8,0,80,68.7,72.5,0,Data Scientist,Unlikely,36
65.6,85.5,17.3,75.9,86.9,78.9,2.2,Python Developer,Unlikely,16.5
77.2,65.4,74.5,80.8,79.7,77,7.8,Backend Developer,Likely,88.5
59.1,53.8,11.2,72.6,58.5,62.8,0.8,Mobile App Developer,Unlikely,1.7
81.9,78.2,55.3,95.9,75.3,72.5,5.6,Backend Developer,Likely,90.6
83,78.6,17.6,84.9,93.4,70.2,2.1,Mobile App Developer,Likely,54.5
59.5,69.4,0,69.9,79.8,74.1,0,Cloud Engineer,Unlikely,17.8
78.2,66.5,75.6,80.5,72.4,84.9,7.6,Mobile App Developer,Likely,92.8
56.3,56.9,54.8,66.9,63.5,63,5.8,Python Developer,Likely,51.5
57.1,75.7,52.4,61.8,91.3,73.1,5.2,Cybersecurity Analyst,Likely,62.8
67,68.3,0,80.1,89.5,69.4,0,Full Stack Developer,Unlikely,18.1
82,82.3,100,90,80.1,86.6,8.9,Cybersecurity Analyst,Likely,61.8
85.7,74.8,71.3,91.3,60.7,77.5,7,Backend Developer,Likely,89.4
89.6,88.5,23.3,98,93.7,100,3,Cybersecurity Analyst,Likely,84.7
65.1,48.1,34.2,62.7,81.4,72.2,3.8,Machine Learning Engineer,Unlikely,37
94.8,100,37.8,84.9,76.2,93.9,4.8,Data Analyst,Likely,80.2
89.2,90.7,62.2,90.5,64.8,87.8,5.9,Cybersecurity Analyst,Likely,93.9
89.1,85.6,0,88.8,73.1,83,0,DevOps Engineer,Unlikely,49.7
55.5,61.4,27.4,66.6,56.5,58,2.8,Data Scientist,Unlikely,41.8
55.6,53.8,52.6,70.4,78.2,67.4,4.7,QA Engineer,Likely,52.2
76.8,76.5,0.1,93.5,68.2,86.5,0,Mobile App Developer,Likely,52.3
90.7,88.4,31.5,97.1,83.4,92,4.4,Backend Developer,Likely,92.4
88.8,77.2,42.6,85.1,82,85.3,3.5,Machine Learning Engineer,Likely,78.5
86.3,81.5,62,96.8,72.5,81.6,4.9,Backend Developer,Unlikely,46.4
72.3,75.4,94.6,100,83.4,70.9,9.3,Backend Developer,Likely,96.7
99.4,100,46.4,95.7,76.4,93.2,4.1,Database Administrator,Likely,98.3
93.5,91.6,86,100,95.2,94.4,8.6,Full Stack Developer,Likely,99
65.4,65.7,46.7,76.3,85,80,4.8,Python Developer,Unlikely,35.8
87.3,86.3,79.5,85.7,93,84.6,8,Full Stack Developer,Likely,80.5
78.9,81.3,70.8,90.9,93.6,93.5,6.6,Database Administrator,Likely,87.2
65.3,54.9,60.2,55.5,100,64.9,6.1,QA Engineer,Unlikely,43.3
59.6,52.9,66.2,59.1,71.4,63.1,6.5,Cybersecurity Analyst,Unlikely,19.1
69.3,72.1,22.3,81.2,95.8,79.9,4.2,Cloud Engineer,Unlikely,30.8
100,99.8,59.8,92.8,52.3,87.4,5.9,Data Scientist,Likely,80.5
48.8,68.2,7.8,61.8,63.5,61.8,1.9,DevOps Engineer,Unlikely,19.2
97.8,88.4,4.9,99.3,62.9,81.3,0,Machine Learning Engineer,Likely,87
74.9,70,13.3,78.9,75.3,83.1,2.7,Machine Learning Engineer,Unlikely,42.8
63.6,61.8,51.1,62.7,82.6,76.1,5.9,DevOps Engineer,Unlikely,35
65.9,71.5,72.1,65.8,73.6,78.5,6.9,Database Administrator,Unlikely,36.4
77,85.6,0,78.1,99.4,99.3,1,Cloud Engineer,Likely,81.5
55.6,68.2,28.5,71.9,67.6,82.2,2.1,Backend Developer,Unlikely,14.3
92.4,86.5,58.7,90.3,90.3,98.1,6,Frontend Developer,Likely,99
72.4,75.6,85.5,59.2,58.9,80.8,7.3,Mobile App Developer,Likely,70.3
84.9,79.1,22.2,74.7,99.7,79.4,2.4,Data Scientist,Likely,73.9
78.7,83.9,100,95.8,76.9,100,10.6,DevOps Engineer,Likely,99
63.3,71.6,0,67.9,54.7,80.7,0,DevOps Engineer,Unlikely,3.2
75.9,81.5,50.3,90.4,79.9,78.8,6.2,QA Engineer,Likely,66.2
59.5,60.7,41.8,66.3,75.2,71.2,3.5,DevOps Engineer,Likely,78
89,83.9,100,86.3,70.2,98.3,8.4,Frontend Developer,Likely,97.7
82.1,73.2,7.2,85.1,73.9,73.1,2.3,DevOps Engineer,Unlikely,48.7
59.3,38.6,48.7,73.6,80.7,77.4,4.9,Mobile App Developer,Unlikely,30.4
72.7,83,66.2,70.8,77.8,77.6,5.4,Data Scientist,Likely,54.5
85.2,65.4,41,85.9,60.4,62,3.3,DevOps Engineer,Unlikely,45.9
51.9,46.4,22.5,59.9,75.2,65.3,0.6,Mobile App Developer,Unlikely,22.5
79.5,89.3,40.3,87.6,65.1,100,4.3,Backend Developer,Unlikely,46.5
53.3,64.7,72.4,56.4,94.2,53.5,6.6,Frontend Developer,Likely,66.6
67.2,86.2,100,76.9,79.8,65.4,9.1,Python Developer,Likely,93.3
53,49,60.7,52.9,76.1,47.1,6,Full Stack Developer,Likely,49.5
71,60.9,42.8,80.9,64,61.9,3.1,Python Developer,Unlikely,33.3
100,79.4,22.7,91.2,61.6,82.8,2.3,Data Analyst,Unlikely,46.1
96.7,100,100,100,83.7,100,10.3,Backend Developer,Likely,95.4
47.5,36.2,79.2,58.8,53.6,52.2,7.2,Mobile App Developer,Unlikely,16.4
82,73.4,18.9,81.2,85.3,86.4,1.5,Frontend Developer,Unlikely,47.2
33,39.9,23.6,35.6,72.6,45.8,2.2,Full Stack Developer,Unlikely,1
95.3,100,51.2,92.8,87.5,85.2,4.7,QA Engineer,Unlikely,47.5
73.3,63.8,46.8,93,82.5,66.6,4.8,Database Administrator,Unlikely,38
52.3,48.2,100,35.9,91.8,64.2,9.6,Cloud Engineer,Unlikely,47.4
65.3,66.2,37.2,89.3,56.7,81,4.4,Database Administrator,Unlikely,54.7
66.3,64.1,48.8,69.4,71.6,65.8,5.3,Mobile App Developer,Likely,73.7
54.7,58.5,54.8,79.9,71.9,81.3,6.1,Data Analyst,Unlikely,37.1
72.4,66.2,32.8,84.5,74.1,84.6,3.5,Database Administrator,Likely,68.1
69.8,65.5,44.8,71.4,58.6,77.5,3.6,Data Scientist,Unlikely,40.5
37.5,32.5,0,44,77,44,0,QA Engineer,Unlikely,2.4
77.4,74.8,30.9,97.2,87.4,93.9,4.1,Full Stack Developer,Likely,65
69.3,69.2,5.6,82.7,85,90.6,1.8,Machine Learning Engineer,Unlikely,25.1
79.8,86.2,79.4,83,84.7,99.4,7.6,Backend Developer,Likely,89.8
56.8,54.3,0,75.1,76,80.9,1.3,QA Engineer,Unlikely,27.3
50,46.5,86.2,57.4,66.4,66,7.7,Machine Learning Engineer,Likely,70.6
95.5,100,47.7,100,63.9,85.7,5.7,Full Stack Developer,Likely,85.9
84.2,81.9,45,89.4,57.4,94.6,4.3,DevOps Engineer,Likely,78.6
83.8,81.4,58.3,70,70.9,72.5,7.1,Cybersecurity Analyst,Likely,67.9
62.2,64.1,42.9,70.2,78.1,68,6,Data Scientist,Likely,74.7
86.8,90.8,12.9,75.8,78.4,89.2,2.2,Cloud Engineer,Likely,69.7
76.7,56.7,21,75,69.2,63.9,1.4,Data Scientist,Unlikely,7.1
85.5,97.7,74.5,84.5,74.9,91.1,7.3,Database Administrator,Likely,97.5
59.8,56.8,88.7,59.8,64.6,66.5,8.9,Mobile App Developer,Unlikely,34.5
32.1,27.1,72.1,42.2,62.4,58.5,7.9,Full Stack Developer,Unlikely,45.3
63.9,63.1,50.8,64.2,76.4,60,5.5,Backend Developer,Unlikely,24.2
47.8,43.3,70.7,44.6,78.3,57.5,6.9,Frontend Developer,Unlikely,16.5
70.7,83.8,22.9,56.5,98.6,65.6,2.5,Data Analyst,Unlikely,40.3
72,82.7,79.7,76.4,75.3,80.8,8.1,Data Scientist,Likely,93.1
94.9,86.1,54.4,100,79.2,100,6.4,Cloud Engineer,Likely,77.7
63.2,71.8,33.8,73,51,69.8,3.4,Backend Developer,Unlikely,19.7
68.8,64.5,65.8,77.4,71,68,7.4,Machine Learning Engineer,Likely,96.8
54.9,61.7,13.9,72.2,61.5,57.9,3.4,Data Analyst,Unlikely,25.5
50.6,46.5,45.1,57.3,74.8,58.7,4.9,Python Developer,Unlikely,19.4
61.9,60.8,30.1,54.5,80.4,59.3,4.5,Mobile App Developer,Unlikely,47.3
71.9,83.2,15.6,87.5,49.8,89.4,0.8,DevOps Engineer,Unlikely,42.3
78,72.6,16.9,82.1,72.2,76.9,0.3,Database Administrator,Unlikely,9.7
91.5,72,34.5,95.9,74.8,92.4,4.9,Python Developer,Likely,69.9
61.9,66.2,8.7,57.4,76.3,57.4,2.5,Mobile App Developer,Unlikely,10.7
100,100,18.8,95.9,63.7,98.8,3,Data Analyst,Likely,61.2
59.7,48.5,36.9,46,74.2,73.6,3.1,Cybersecurity Analyst,Unlikely,8.1
84.1,87,47.4,80.5,72.4,70.3,4.8,Frontend Developer,Likely,68
56.5,53.7,47.3,71.5,79.4,67.2,3.8,Cybersecurity Analyst,Unlikely,11.7
66.2,65.6,37.7,68.9,96.7,85.1,3.2,Mobile App Developer,Unlikely,30.5
70.3,69.5,76.2,94.7,67.3,80.9,8.2,Cloud Engineer,Likely,83.5
54.4,50,57.1,45.7,69.9,48.7,6,DevOps Engineer,Unlikely,27.9
81.8,87.4,81.9,91.4,75.1,73.4,7.5,Frontend Developer,Likely,94.3
59.5,54.6,0,60.8,73.7,65.7,0,DevOps Engineer,Unlikely,10.9
41.4,40.7,22.6,62.1,77.4,67.1,0.7,Python Developer,Unlikely,5.2
50.8,64.3,85.4,57.1,80.5,52.4,7.8,Data Analyst,Likely,72.3
33.8,28.9,63.2,15.7,83.4,41.2,7.6,Data Scientist,Unlikely,1
68.9,68.1,49.8,75.4,85.5,74.9,4.4,Frontend Developer,Likely,55
79.7,86,59.1,92.3,44.6,83.9,5.8,Database Administrator,Likely,65.8
82.2,77.4,35.2,91.7,70.9,72.3,3,Machine Learning Engineer,Likely,59.7
64.4,71.2,66,73.3,64,53.3,6.4,Cybersecurity Analyst,Unlikely,32
81.5,72.9,38.7,100,83.9,91.6,3.4,Cloud Engineer,Likely,81.5
100,100,65.8,93.4,73.4,94.7,6.3,Cloud Engineer,Likely,99
90.4,89.7,58.7,100,72.1,94.4,5.1,Data Analyst,Likely,92.4
83.4,81.9,32.1,90.2,65.5,96.4,2.7,Mobile App Developer,Likely,76.7
91.5,95.8,43.7,99.1,70.6,86.4,4.5,DevOps Engineer,Likely,91.2
55.2,50.4,0,73.1,59.2,63.3,1.2,Cloud Engineer,Unlikely,14.3
